nivl_vl,id_nivl,nvl_lbl,X,Y,code5,depcode,nvl_vl_,nvl_l_2,nvl_label,idx1_servicio1,idx1_servicio2,idx1_servicio3,idx2_Adultez1,idx2_Adultez2,idx2_Adultez3,idx3_climatico1,idx3_climatico2,idx4_Capacidad1,idx4_Capacidad2,idx5_viviendas1,idx5_viviendas2,idx5_viviendas3,idx6_crecimiento1,idx6_crecimiento2,idx6_crecimiento3,idx6_crecimiento4,idx6_crecimiento5,idx7_gini1,idx8_demografica1,idx8_demografica2,idx9_infnin1,idx9_infnin2,idx9_infnin3,idx9_infnin4,idx10_juventud1,idx10_juventud2,idx10_juventud3,idx10_juventud4,idx10_juventud5,idx11_pobreza1,idx11_pobreza2,idx12_salud1,idx13_saludmental1,idx13_saludmental2,idx14_seguridad1,idx14_seguridad2,idx15_vejez1,sub_grp
05001,mpio,Medellín,-75.6127999092285,6.258851646871735,05001,05,5001,Med,medellin,-0.8088055710973568,-0.3521852456347808,-0.22860037308589265,-0.40080937139833395,-1.165068793812991,-1.3615784898110161,0.40675453330329636,-0.29088352090840514,2.8138106600310437,-3.439618991445438,0.4246523411003784,0.030280843990474007,0.7379724308781749,-0.9848379995594396,0.7563980475273125,0.054526154331469776,0.07324370196218062,-0.7262881317373873,1.2814734152468568,0.5274938926725781,0.6575675535914723,0.054518480638192264,2.2264859972221296,1.2188433393173455,-0.48966733215581154,0.40496368989912923,-0.7819725047093742,-0.6394536480482739,1.1057850866234191,-0.9117197721610336,0.5843501210043403,-1.1562566311039617,-0.9531592734361336,0.17005272547822772,-0.40606263569985923,-1.250961340306827,-1.4865653792489888,0.4143016459406401,Consolidada - Alta
05034,mpio,Andes,-75.92493905135751,5.624279481107275,05034,05,5034,And,andes,-1.1486764511921943,0.3172705677251007,-0.2755559874599253,1.3831999268119397,-1.239821709447331,1.3478333610617679,-0.1501759135889443,-0.8824641708340568,-0.8495986138203816,-0.4172724302815905,-0.3058125693429491,1.0120194837691634,0.7685581786573916,0.646585659441886,-0.35843931030677717,0.9237359502058216,-0.8029933899893414,-1.7472790451284648,-0.2249492047688259,-0.8276712279118825,0.26376250209032237,0.9815336333429562,0.38027150880446264,-0.283439738036383,1.8321222029883928,-1.2546530815630215,0.529309909944879,0.24993501826605596,0.015631191752182794,0.19611247553657402,1.2940356692751507,1.4165785143027785,0.1934833227965194,-2.075140317343761,-1.7629466833760863,-1.5319896204823795,0.7166718749648684,-0.07937932884768259,Consolidada - Media
05079,mpio,Barbosa,-75.32786343666069,6.443319090375343,05079,05,5079,Bar,barbosa,3.235965846752508,1.121044151441931,0.21255654367733978,1.3584496498985934,-1.6014416381339873,-0.16923021558631873,-0.7797820252605105,0.04345537860955657,-1.0231827835118066,-1.0385967725893486,-0.6850766235872401,0.467307356919068,-0.34546211363429213,0.014975065142726673,-0.07908284673260912,1.178269472008583,1.3215876768622588,1.6024519982394827,-0.22906055693121494,0.09696297240449141,-0.8144946964645544,0.5295697343307829,-0.14916160295880299,-1.2479257100472851,-0.38009179038010543,-1.1916256044190288,-0.02876574200622169,0.8025792787866162,-0.1325145751959439,-1.2972177067771742,0.647685130953659,-1.5136248569360085,0.28820996772136376,-0.47552698656499437,0.24034098972325926,-0.3511103504083018,0.7693856647478255,0.6645409618131574,Consolidada - Alta
05088,mpio,Bello,-75.59025592930725,6.359736868390984,05088,05,5088,Bel,bello,-0.7172257116234306,0.8332836471674878,1.0241926471856289,-0.018184038984094944,-0.7073407189430926,-0.843264223596691,-0.2527746285062759,-1.1327084692738811,-0.3857212295583963,0.020411730627579824,-1.345550360015207,-1.08175016815493,-0.62856543615905,-0.7954667960324889,0.06480063376136747,0.6929448827835133,-0.993722464969449,-0.7392427830397132,0.5015865406765634,0.7015557643453165,0.8783676676329564,0.7153680650912112,0.28645931381961304,0.575825502416594,-0.4493952601159143,-0.2627230384595326,0.15605717772375055,-0.6495030859471516,-0.7536874368701147,-0.25110431873271294,1.2586768571771263,-0.5689652510461097,-0.5756836045221007,0.20253663831743784,0.39107097959751136,-0.11351428501298211,-1.0837704338237935,-1.0201544710867079,Consolidada - Alta
05101,mpio,Ciudad Bolívar,-76.00902572747876,5.840445938385701,05101,05,5101,Ciu,ciudad_bolivar,0.37940540273019174,-1.547641443510815,1.6514559775914217,0.7377684767612613,0.4921185256663265,1.645406317496211,0.7350402276247509,-1.0453241238150022,-0.7512993303770324,-0.4106505712748165,0.19483034669304947,-0.3814192253020129,0.24509980408512552,1.0762694590287034,0.07924743478825101,1.4581819182372566,0.6018340620113846,-1.039568720143678,-1.063494388129632,-1.8228984650716973,0.6991773385019363,2.0520207324632107,-0.9331721748877869,0.869422748893705,0.699731888193339,-1.9360880837010739,-0.7009434263134487,-0.8236213439690722,-1.130217870721112,1.6268988656033458,0.8147459129860897,0.21556367891900335,-0.5562989506995858,-0.21562749666381345,1.79583196833119,-2.160651831698291,2.546951702915211,0.026823074632220858,Consolidada - Media
05129,mpio,Caldas,-75.62741770351639,6.053784062121476,05129,05,5129,Cal,caldas,-0.8940759558723869,-0.1665197461549909,-0.38149358883589873,-1.3302919077613473,-0.5822327289616775,-0.29761861441400755,0.8949077238468662,-0.7970099991403096,-0.04824090983907558,1.022217380459728,-1.0052275666577855,0.659472309132207,0.12604471095955472,-0.7379148797599137,-0.2534126196987538,0.6125867666675927,0.06114189174172416,0.15652823661427226,1.3750542262689558,0.7939182841749706,-0.02260151957485769,0.20241904264149746,0.2862491243143931,0.8337763742006814,0.41569225784968594,-0.4524880550549997,-0.2227056964976839,-1.9380677169974787,1.4836171631617736,-1.0600573718178108,-0.44075176759533874,-0.6639120238213105,0.12258065450906996,-1.1193468922571785,0.7312956448495925,0.5128778905605853,0.07266831449238736,0.6915708917040395,Consolidada - Alta
05148,mpio,El Carmen De Viboral,-75.26349613727776,5.978210403191516,05148,05,5148,El,el_carmen_de_viboral,-0.4537110355344172,0.7708208674714855,-0.8186894193881767,-1.5674866148040352,0.5806583860685237,0.6557858411511595,-1.1608861504840686,-1.2294256260757714,0.15875824041070796,-0.1603902602726211,-0.19683791682357488,0.03447642172389419,-1.767459329382296,-0.17039785445328284,-0.369098500928023,0.3388625952800353,-1.2395271182012788,-0.5382672653409817,-1.5221875751097154,0.006590881319147416,0.5380021531918153,-0.6318258439584352,0.08620902806177166,-1.3312340852256568,0.7038935582687065,-0.3218131333062106,0.5791345828822163,-0.4361358493834896,0.19325192739773184,-0.09434713542238228,-0.8397416187823171,-0.012670161256741475,0.4909791055840755,-0.31144087399530546,-0.9794745759624159,-0.8183153313412229,-0.7691827587207316,-1.1584246951351616,Consolidada - Media
05212,mpio,Copacabana,-75.50078768363375,6.351711758645678,05212,05,5212,Cop,copacabana,0.15667991135647646,0.558909050632663,-0.3017008289738841,-1.3029654648295392,0.11154631763381957,0.01679752483665689,-0.4134247515184213,0.4362779268203424,-0.1400953650747865,0.7827930816859696,-1.2742146794844822,0.4916353803544369,-1.3513692811627604,-1.013329253157092,0.09848602999748575,0.7467912293785073,0.34486896570801095,0.28916047099708636,-1.366847989113561,0.7653385704677245,0.08331522872340222,-0.25483748604789475,-1.1876022110772202,-0.4972821485283478,-0.8750483061153762,0.8850445261906055,0.2689139842556298,0.14836656790843467,-0.7875140842147557,-0.07021382590452785,0.021332226376342973,-1.8204422722569213,0.38291645473762376,0.13665765976812908,1.3936315455555672,0.24384662649505112,-0.19791977418714146,0.6588736613055034,Consolidada - Alta
05264,mpio,Entrerríos,-75.56045049867288,6.594134234233711,05264,05,5264,Ent,entrerrios,0.7043790793859456,-0.2605549731231221,0.35051932144943854,0.661224218602093,0.3347790384508403,0.8966902767118874,-0.28489895512281627,-1.0178217553304922,-0.7431921932110868,-0.523322143484766,0.5132355885482847,0.9989683481923914,0.4478476155502307,1.4557932823240631,0.8690128124941884,-0.1068378047943637,-1.24334268023384,1.2459117650257918,-0.4476407447569642,-0.1727090700356306,-1.002809107005821,0.02094883060561863,0.05227792161271992,-1.7712987894596453,0.9162196937785135,-0.09327692847588259,2.776484494803368,0.8506913268900558,-1.154573705710507,-1.3045167296280178,-0.3532815109033272,0.44989848471828453,0.42555341302884797,0.5305373656474813,-0.9056006133657613,0.21670112866421487,-0.2101647339419275,-1.5319546410168396,Consolidada - Media
05266,mpio,Envigado,-75.54426721678229,6.153270262995447,05266,05,5266,Env,envigado,-0.440220035629871,-0.02452882944528186,-0.5537469865870548,-1.776289654690476,-0.26767303745375753,0.0025759719450079406,0.5892623024939952,0.009775038517062287,1.1694936781421552,1.0949742789382912,0.9709225172945469,1.063694054586549,0.12975284306918572,-1.3021928946301737,0.9528705682840374,-0.23523200891030707,-0.4031772151157092,-0.12524971078053157,1.7449895507677209,0.6469918124449453,1.4175511718540297,-0.9613513933454594,-0.2432810998838468,-1.206816656474538,-1.0126549058029959,1.4293439190336832,0.996946931552866,-0.8980222170404085,-0.307661449646217,1.2746530162332814,-1.8196728927927388,0.4788105166506328,0.4738104832701366,0.6210866733456518,0.2949995562642399,1.0969980683781526,-0.3224261027929159,2.0159562818602517,Consolidada - Alta
05308,mpio,Girardota,-75.44547717784441,6.380937720313014,05308,05,5308,Gir,girardota,1.5880268306670402,0.9114913078339293,-2.4569194248196644,-0.3227275023575237,-0.8779821912001663,-1.157868444400263,-2.062363184137596,1.1318411130907682,-0.5789019812423223,-0.3177843576366891,-0.529905860855123,0.7042733375312012,-0.780715203474693,-1.0779861025846973,0.43481274300913614,-0.0165490995185133,-0.610280836826752,-0.3307166082996198,0.8184114266352787,0.6265484051731829,-0.6928105926623215,1.857652409155375,-0.20328534520926284,0.18126237108681326,-1.3710033605814547,-0.2354637726055085,0.6014382003316566,-0.2049304767169263,-0.9442789527814405,0.38965930998882703,-0.00817440592728651,-0.5918165928078314,0.4228380964201891,-0.7850337714694695,0.4554331065905745,0.506430421482097,0.1491509850187407,0.2670231249132412,Consolidada - Alta
05318,mpio,Guarne,-75.43763944108595,6.267760690627175,05318,05,5318,Gua,guarne,0.6503667910965955,-2.9849160467725437,-1.3959620694344639,-0.5290892702304205,0.3468442991761078,0.3231608013102494,-0.03028890482074754,-1.1794505839892526,0.6867986447463863,0.6443584526924544,0.37754053433523743,-0.8759760271623142,1.8626672139391462,0.29925923722380804,-1.2326321109830056,-0.27318854312750374,0.9867130062564249,1.6395341383967397,-0.6270316131542585,-0.09774434721338035,-1.2679710596866747,1.028870420927952,0.3755015069228237,0.7090486955619523,-0.41998984989600985,-0.369451778976164,0.2597533735976435,-0.0681658669589995,-0.7274937623991813,-0.05964491208585512,0.18341487725479905,0.6911991307588718,0.7677200796687934,0.02583970757089166,-0.22768987574524163,-0.5436648644138405,-0.8091962575553253,0.7452578110505108,Consolidada - Media
05321,mpio,Guatapé,-75.15906120952536,6.244397081847873,05321,05,5321,Gua,guatape,0.6452725197053653,-0.2788649254255943,2.1585482445233466,0.2833660091123956,0.9166607852394969,0.5659624836306751,-0.674231700202627,-0.40557565706159066,-0.460384157624724,-0.561669743829464,1.2068048486908325,-1.3375473374314757,0.04900275162955079,1.1486275999378348,1.4398145997966572,-3.556861750113386,0.03226838152132254,-0.044884485262992276,-0.424013762767077,-0.9477781252783051,1.1309303841603344,-0.38183488316903846,-0.4489181924878124,0.5758422280469986,-0.9615855238586688,0.8943355504656083,-1.6121871346636354,1.4701010526753664,0.4953978638893391,1.3415483170348594,0.8567954168125577,0.9366692182113897,-0.3270336082771706,3.2091701552173366,0.4661875563647527,1.1424799999083852,1.3977837588183928,0.6745354565904575,Consolidada - Media
05360,mpio,Itagüí,-75.61545770302317,6.179161031636978,05360,05,5360,Ita,itagui,0.22707110749093942,0.4387997360097514,1.210515776013612,-0.575271001455873,-0.6076389752907982,-0.5485134651542977,0.18986605727999745,0.39490802906774725,1.4961652512434287,1.4864092333304373,0.3448313253201433,0.24070418487595616,-0.4780663631713289,-1.3171531917494281,-0.34934618971434556,-0.4132343763666247,1.3489747034548176,0.43874787489143036,1.1715104934887388,1.083561332109223,0.23728265664184284,-0.13404303119604244,0.3818753396768427,0.14612892490946397,-1.2547805389525675,0.4669281014456975,-0.25750802211429585,-0.3308856242371771,-0.07714635523322651,-0.5728699635563167,-0.12803430706010466,-1.0260886401595133,0.16727517483778193,-0.4372874990454853,0.9983222288163791,1.219662142134621,-0.09530152415987571,-0.061641405363825806,Consolidada - Alta
05376,mpio,La Ceja,-75.43030891759122,5.992683613466378,05376,05,5376,La,la_ceja,0.647760961002215,0.9256604644378932,-0.10477127699204343,0.21945856142524725,-0.2249332940371113,0.9691045837470227,-0.15406732252927915,-0.6425860853146778,0.7311031487662099,0.38556678661659455,0.7908381168668353,-0.6166456380987243,-0.023019531293481377,0.08519603241473972,-1.0625645081250763,-0.49788270222369374,0.47518402913658847,-1.0362983540145045,-0.7838066839786727,0.03452654641157971,0.8820521168721196,-1.0387653668082415,1.070278010839908,-0.36359769298540245,0.4324035662071635,0.9387431328017016,-0.9771350952010629,1.4961971429299064,-0.744700690255298,-0.9846177562429558,-1.1884492545130136,-0.2765413462917439,0.6334968803335237,0.5563055242586769,-0.8767805853529095,0.3840907253535775,-0.40775735314405775,0.32729326454457974,Consolidada - Media
05380,mpio,La Estrella,-75.64810139058127,6.137991524064695,05380,05,5380,La,la_estrella,-0.702229628395353,-1.2544245584202005,-0.2824947850191232,-0.3789070080473723,-0.18068841847318087,1.5137716634682552,0.1078205981347109,-0.8269838142246542,-0.3355386710013818,0.8668261595322467,0.4601953187854214,-0.13352171412530375,-0.0881430918918743,-1.0588771089324887,0.6544231934904607,0.09780318196314884,-0.7133040908184861,0.7576131756838823,1.0994878346654784,1.3101097327469584,0.33476075844181713,-1.421362972536671,-1.6258106895770486,1.0975016907829578,-1.0922571144326623,1.3352515973535588,-0.6154552355553895,-0.775559011122151,-1.1613862651808147,1.7859731763429425,-0.11400989240769488,-1.9610699854830405,-0.09809375745705821,-1.0716361441537667,0.9488606438556617,1.033629156562742,0.24979900947918957,0.4603002979889376,Consolidada - Alta
05440,mpio,Marinilla,-75.30769061033766,6.181693631225957,05440,05,5440,Mar,marinilla,-1.138464583890754,0.521884259133198,-0.2547394473355453,0.6923334053399922,1.0058103240160328,-1.3157453336703735,-0.04732697564413916,-0.010333384782387085,-1.4575216870774321,-0.775395940743556,0.7025338508720905,0.6596704400491002,-0.9543569761534085,-0.04376028078290876,-1.8058820814955374,-0.7736350499319337,-0.4254057299123581,-0.6847224073807937,-0.4515470006235472,-0.09950678137273773,0.08673799315358018,0.3271586462076024,0.7531628205288886,1.1517076037135867,-0.6253986004619079,-0.13449068260928906,0.8508155048896138,0.44471017633576,0.3352960161757539,0.8356370765513197,-0.2770031193438559,-0.3451648184574391,0.4198557219754869,0.058327827794711705,1.2181042850984258,-1.0097535043026182,-1.6667845103592542,-0.856654998037218,Consolidada - Media
05541,mpio,Peñol,-75.22269659707484,6.231819957054269,05541,05,5541,Peñ,penol,-0.40663999513263976,0.1431480304901791,0.7169862662115661,1.1939933126535363,1.9868388153059078,-0.9204283316011759,-0.7594213167261359,0.0736842093342478,-0.5787531630670184,-0.16168148153194623,0.5103934330233206,0.9607553321188157,-0.09525504768250576,1.4833393236628927,-1.2005765811584816,-0.382775954657678,-1.055851789944499,-0.49312944384274965,-1.131581806308661,-1.7530490928580336,0.10319660022830378,-0.4133927032726086,0.5819763124459382,-0.010723747954209504,0.9515513220302694,-0.2904618409296438,-0.40997069299535505,1.9644032143199193,0.7851586790807454,1.2589009178699095,0.493660959629131,1.5618775740854867,0.27427342505524416,0.05721387310013364,-1.865629575942645,-0.12320971092541164,0.5208717016457587,0.20809921948921883,Consolidada - Media
05591,mpio,Puerto Triunfo,-74.68491670536943,5.955071068235982,05591,05,5591,Pue,puerto_triunfo,0.9108562992062518,-1.135904681656537,0.6213355272369878,1.9503574132269996,-0.8724695757827845,-1.2238614578387443,1.7647890522556393,0.6073687658458694,0.018458655995948953,0.2851182326412114,0.3700130164669832,-3.1268468247059995,0.09899509171833147,1.424507121992382,1.8185937273540502,0.5935829589815563,2.4715212603544883,-1.7893696231572063,-0.4385361584544826,0.06125501636878028,-3.0170492240908726,1.5348143845635438,-2.056141914226074,-0.9012856489395186,0.8321675924095794,-2.138330062616364,-1.4805055280749544,-0.3280507676801519,-0.2417811919351315,-0.15152612565747015,2.1794981107829523,0.29031512263361026,-4.241543237624603,-0.8454080434540784,-0.0478282637142225,0.7416331593271881,1.611367421807334,-2.0197307105997453,Consolidada - Baja
05607,mpio,Retiro,-75.51605227675036,6.051256284418432,05607,05,5607,Ret,retiro,-0.11433214933326419,-1.2131670087709232,-0.7389693293777337,-0.03607214342648869,0.86436614598666,1.716798349775865,1.457694612505986,1.5085060666099874,0.2647657747597291,0.5202499479654896,-0.3015389411643424,-1.0809078794882936,-2.1558722255560534,0.4489338747276386,0.6002214769667,0.26409269124572715,-0.0158597458038356,0.7586261940646701,-0.4621218501512838,-0.4404545784042756,0.6481877120926332,-1.8271495372837607,-1.6562424625395222,1.6010432341864829,2.0004481893547355,1.2050852270522294,-1.6410383080756248,0.6212550587309512,-0.8923891352300837,-2.0609603099651204,-1.5671322293424943,1.0777982333800977,0.44547054654416113,-0.2395452566020167,0.16026299106501932,0.6016899546375915,-0.6038334207523158,1.197877412379939,Consolidada - Media
05615,mpio,Rionegro,-75.41294203284635,6.149877287649464,05615,05,5615,Rio,rionegro,-0.635775100622346,0.7453695997304199,-0.9338120526278798,-0.33947188349570406,1.5537174075648703,-1.016466334102254,1.5312807817578165,1.48248172383631,1.300235206060484,1.2424548787991345,0.08248766537119837,0.669130611056315,0.903575158813998,-0.29762110030277433,-1.5955227195616168,-0.9720060286798279,1.7887208365694234,0.44226026466746066,0.8655528591850649,0.6040714654796838,-1.3032710143380764,-0.8597958817360306,0.204680290324475,1.2430351396119736,0.44830843036735424,0.2211054152550339,-0.33127666231663383,-1.648482578501028,-0.40639199602384507,-0.38828371620700697,-0.775802332669276,0.9432796114842343,0.7519941698778636,0.7281887524139367,-1.908064654329227,0.4425711059045572,0.10930086401963982,0.5762658986790817,Consolidada - Media
05631,mpio,Sabaneta,-75.60861361962914,6.138205541670269,05631,05,5631,Sab,sabaneta,-0.7842987650909411,0.35442226907985175,-0.32413010171539175,-0.9904204574293255,-1.3714726045246715,-0.07539943444156352,0.8931013981819274,1.432918648847285,0.5860665958188631,-0.14438547770700097,1.2251419283858045,1.1155317265824718,0.01962228965845917,-1.3599782763821144,1.2209933097748678,-0.7078295478509246,-0.5018504016558752,0.0039706942981655785,1.4224176879302028,1.6193839046898968,0.9584334540106584,-0.672260455985665,-0.5266258434805454,-0.900748921795384,-1.2838453137753119,1.5865783780078608,0.8612981218706351,-0.8026902062248165,1.268187275581264,0.20240739665739593,-1.7747918315056763,0.20803762535004144,-0.11244834573433513,-0.47313821986071675,0.2653316620164708,1.7698549093858866,0.07814328013985126,0.6711056835756055,Consolidada - Alta
05686,mpio,Santa Rosa De Osos,-75.43634969780916,6.673844438133682,05686,05,5686,San,santa_rosa_de_osos,-0.20405142621068453,0.843201440899265,0.09764439268934962,1.1070328903684628,-0.20814024437230927,0.32284913242525703,0.4204188565117505,0.016597826633899984,-1.3897065477264485,-0.3136200565297731,-3.265479131847312,-0.14341015170059732,1.733959400896761,1.50964770612621,0.732802211589028,1.1166609775529543,-0.7141330748714471,1.98325098315951,-1.2003996116832703,-0.26331799267074835,-0.8852049538449882,0.10101490710420825,1.3935334279195613,-0.22394820086947045,1.2022263492987977,-0.14547075034248894,0.006689538094745018,0.006590775742602776,2.770851220933792,0.0024595751161515943,0.33695238179378634,0.8033716655915517,0.2441209343119032,0.29316272486147804,-0.31249074051790926,-1.3100148131743026,0.759332375447491,-1.6250057568277865,Consolidada - Media
05697,mpio,El Santuario,-75.25350313907576,6.124364458093594,05697,05,5697,El,el_santuario,-0.6972783397678891,0.7334020668616341,1.0078309750739862,-0.019197545289987617,1.713563885325274,-1.0467619629433091,-2.2212943153551747,2.3227524635374053,-0.48351922284306464,-0.08699193596212697,0.7352228180238897,-0.32989486471239376,1.5451871097058338,0.5663813763039183,-1.4159193201293163,-0.14200591246140912,-0.7866099772357529,-0.0230392179098698,0.09273491106630498,-2.453178899991788,0.08688687648094265,-0.8092697317323038,0.951280933834396,-1.4651365124127147,-0.21904715421775184,-0.5410427244458998,1.1726222285766759,1.4887387802414564,1.0085610468016688,0.29282951722377737,0.6156974987971887,0.8631532035346375,0.3596823470784028,1.4600518736364927,-0.0671049541223671,-0.6992796367284719,-1.3285247048103626,-1.246878679552418,Consolidada - Media
05893,mpio,Yondó,-74.1591850871306,6.924952641125988,05893,05,5893,Yon,NA,NA,NA,NA,NA,NA,NA,NA,NA,NA,NA,NA,NA,NA,NA,NA,NA,NA,NA,NA,NA,NA,NA,NA,NA,NA,NA,NA,NA,NA,NA,NA,NA,NA,NA,NA,NA,NA,NA,NA
05895,mpio,Zaragoza,-74.85727639831647,7.474121234219121,05895,05,5895,Zar,NA,NA,NA,NA,NA,NA,NA,NA,NA,NA,NA,NA,NA,NA,NA,NA,NA,NA,NA,NA,NA,NA,NA,NA,NA,NA,NA,NA,NA,NA,NA,NA,NA,NA,NA,NA,NA,NA,NA,NA
05585,mpio,Puerto Nare,-74.7036375799297,6.126028012303996,05585,05,5585,Pue,NA,NA,NA,NA,NA,NA,NA,NA,NA,NA,NA,NA,NA,NA,NA,NA,NA,NA,NA,NA,NA,NA,NA,NA,NA,NA,NA,NA,NA,NA,NA,NA,NA,NA,NA,NA,NA,NA,NA,NA
05002,mpio,Abejorral,-75.43996915359027,5.802327928317855,05002,05,5002,Abe,NA,NA,NA,NA,NA,NA,NA,NA,NA,NA,NA,NA,NA,NA,NA,NA,NA,NA,NA,NA,NA,NA,NA,NA,NA,NA,NA,NA,NA,NA,NA,NA,NA,NA,NA,NA,NA,NA,NA,NA
05004,mpio,Abriaquí,-76.0871416147664,6.628242805445521,05004,05,5004,Abr,NA,NA,NA,NA,NA,NA,NA,NA,NA,NA,NA,NA,NA,NA,NA,NA,NA,NA,NA,NA,NA,NA,NA,NA,NA,NA,NA,NA,NA,NA,NA,NA,NA,NA,NA,NA,NA,NA,NA,NA
05021,mpio,Alejandría,-75.08992268709144,6.364688109831899,05021,05,5021,Ale,NA,NA,NA,NA,NA,NA,NA,NA,NA,NA,NA,NA,NA,NA,NA,NA,NA,NA,NA,NA,NA,NA,NA,NA,NA,NA,NA,NA,NA,NA,NA,NA,NA,NA,NA,NA,NA,NA,NA,NA
05030,mpio,Amagá,-75.70694035674894,6.032726554782707,05030,05,5030,Ama,NA,NA,NA,NA,NA,NA,NA,NA,NA,NA,NA,NA,NA,NA,NA,NA,NA,NA,NA,NA,NA,NA,NA,NA,NA,NA,NA,NA,NA,NA,NA,NA,NA,NA,NA,NA,NA,NA,NA,NA
05031,mpio,Amalfi,-74.98142088861091,6.977017823056702,05031,05,5031,Ama,NA,NA,NA,NA,NA,NA,NA,NA,NA,NA,NA,NA,NA,NA,NA,NA,NA,NA,NA,NA,NA,NA,NA,NA,NA,NA,NA,NA,NA,NA,NA,NA,NA,NA,NA,NA,NA,NA,NA,NA
05091,mpio,Betania,-75.98391538682482,5.726633681705867,05091,05,5091,Bet,NA,NA,NA,NA,NA,NA,NA,NA,NA,NA,NA,NA,NA,NA,NA,NA,NA,NA,NA,NA,NA,NA,NA,NA,NA,NA,NA,NA,NA,NA,NA,NA,NA,NA,NA,NA,NA,NA,NA,NA
05036,mpio,Angelópolis,-75.71816333813786,6.119759257449431,05036,05,5036,Ang,NA,NA,NA,NA,NA,NA,NA,NA,NA,NA,NA,NA,NA,NA,NA,NA,NA,NA,NA,NA,NA,NA,NA,NA,NA,NA,NA,NA,NA,NA,NA,NA,NA,NA,NA,NA,NA,NA,NA,NA
05038,mpio,Angostura,-75.35932847383421,6.861471413586091,05038,05,5038,Ang,NA,NA,NA,NA,NA,NA,NA,NA,NA,NA,NA,NA,NA,NA,NA,NA,NA,NA,NA,NA,NA,NA,NA,NA,NA,NA,NA,NA,NA,NA,NA,NA,NA,NA,NA,NA,NA,NA,NA,NA
05040,mpio,Anorí,-75.10780220695464,7.193963891656249,05040,05,5040,Ano,NA,NA,NA,NA,NA,NA,NA,NA,NA,NA,NA,NA,NA,NA,NA,NA,NA,NA,NA,NA,NA,NA,NA,NA,NA,NA,NA,NA,NA,NA,NA,NA,NA,NA,NA,NA,NA,NA,NA,NA
05042,mpio,Santa Fé De Antioquia,-75.90499964678077,6.534498010517901,05042,05,5042,San,NA,NA,NA,NA,NA,NA,NA,NA,NA,NA,NA,NA,NA,NA,NA,NA,NA,NA,NA,NA,NA,NA,NA,NA,NA,NA,NA,NA,NA,NA,NA,NA,NA,NA,NA,NA,NA,NA,NA,NA
05044,mpio,Anzá,-75.91231309090341,6.305861557837838,05044,05,5044,Anz,NA,NA,NA,NA,NA,NA,NA,NA,NA,NA,NA,NA,NA,NA,NA,NA,NA,NA,NA,NA,NA,NA,NA,NA,NA,NA,NA,NA,NA,NA,NA,NA,NA,NA,NA,NA,NA,NA,NA,NA
05045,mpio,Apartadó,-76.56706680254926,7.897074436040532,05045,05,5045,Apa,NA,NA,NA,NA,NA,NA,NA,NA,NA,NA,NA,NA,NA,NA,NA,NA,NA,NA,NA,NA,NA,NA,NA,NA,NA,NA,NA,NA,NA,NA,NA,NA,NA,NA,NA,NA,NA,NA,NA,NA
05051,mpio,Arboletes,-76.41522867595302,8.612251717517433,05051,05,5051,Arb,NA,NA,NA,NA,NA,NA,NA,NA,NA,NA,NA,NA,NA,NA,NA,NA,NA,NA,NA,NA,NA,NA,NA,NA,NA,NA,NA,NA,NA,NA,NA,NA,NA,NA,NA,NA,NA,NA,NA,NA
05055,mpio,Argelia,-75.09746529951609,5.708071781632922,05055,05,5055,Arg,NA,NA,NA,NA,NA,NA,NA,NA,NA,NA,NA,NA,NA,NA,NA,NA,NA,NA,NA,NA,NA,NA,NA,NA,NA,NA,NA,NA,NA,NA,NA,NA,NA,NA,NA,NA,NA,NA,NA,NA
05059,mpio,Armenia,-75.80864705689626,6.160281593099016,05059,05,5059,Arm,NA,NA,NA,NA,NA,NA,NA,NA,NA,NA,NA,NA,NA,NA,NA,NA,NA,NA,NA,NA,NA,NA,NA,NA,NA,NA,NA,NA,NA,NA,NA,NA,NA,NA,NA,NA,NA,NA,NA,NA
05347,mpio,Heliconia,-75.74849458320183,6.213585984409352,05347,05,5347,Hel,NA,NA,NA,NA,NA,NA,NA,NA,NA,NA,NA,NA,NA,NA,NA,NA,NA,NA,NA,NA,NA,NA,NA,NA,NA,NA,NA,NA,NA,NA,NA,NA,NA,NA,NA,NA,NA,NA,NA,NA
05086,mpio,Belmira,-75.65593854553747,6.655416376409969,05086,05,5086,Bel,NA,NA,NA,NA,NA,NA,NA,NA,NA,NA,NA,NA,NA,NA,NA,NA,NA,NA,NA,NA,NA,NA,NA,NA,NA,NA,NA,NA,NA,NA,NA,NA,NA,NA,NA,NA,NA,NA,NA,NA
05670,mpio,San Roque,-74.93172497367671,6.449296115781239,05670,05,5670,San,NA,NA,NA,NA,NA,NA,NA,NA,NA,NA,NA,NA,NA,NA,NA,NA,NA,NA,NA,NA,NA,NA,NA,NA,NA,NA,NA,NA,NA,NA,NA,NA,NA,NA,NA,NA,NA,NA,NA,NA
05483,mpio,Nariño,-75.19249763297098,5.582022155674575,05483,05,5483,Nar,NA,NA,NA,NA,NA,NA,NA,NA,NA,NA,NA,NA,NA,NA,NA,NA,NA,NA,NA,NA,NA,NA,NA,NA,NA,NA,NA,NA,NA,NA,NA,NA,NA,NA,NA,NA,NA,NA,NA,NA
05093,mpio,Betulia,-75.9571432806565,6.184841691374015,05093,05,5093,Bet,NA,NA,NA,NA,NA,NA,NA,NA,NA,NA,NA,NA,NA,NA,NA,NA,NA,NA,NA,NA,NA,NA,NA,NA,NA,NA,NA,NA,NA,NA,NA,NA,NA,NA,NA,NA,NA,NA,NA,NA
05368,mpio,Jericó,-75.76652053319022,5.769306937190637,05368,05,5368,Jer,NA,NA,NA,NA,NA,NA,NA,NA,NA,NA,NA,NA,NA,NA,NA,NA,NA,NA,NA,NA,NA,NA,NA,NA,NA,NA,NA,NA,NA,NA,NA,NA,NA,NA,NA,NA,NA,NA,NA,NA
05107,mpio,Briceño,-75.56490046652242,7.110452631076573,05107,05,5107,Bri,NA,NA,NA,NA,NA,NA,NA,NA,NA,NA,NA,NA,NA,NA,NA,NA,NA,NA,NA,NA,NA,NA,NA,NA,NA,NA,NA,NA,NA,NA,NA,NA,NA,NA,NA,NA,NA,NA,NA,NA
05113,mpio,Buriticá,-75.91248836264813,6.809453076648512,05113,05,5113,Bur,NA,NA,NA,NA,NA,NA,NA,NA,NA,NA,NA,NA,NA,NA,NA,NA,NA,NA,NA,NA,NA,NA,NA,NA,NA,NA,NA,NA,NA,NA,NA,NA,NA,NA,NA,NA,NA,NA,NA,NA
05120,mpio,Cáceres,-75.22433705064566,7.665837684237721,05120,05,5120,Các,NA,NA,NA,NA,NA,NA,NA,NA,NA,NA,NA,NA,NA,NA,NA,NA,NA,NA,NA,NA,NA,NA,NA,NA,NA,NA,NA,NA,NA,NA,NA,NA,NA,NA,NA,NA,NA,NA,NA,NA
05125,mpio,Caicedo,-75.99308115459601,6.42100735120007,05125,05,5125,Cai,NA,NA,NA,NA,NA,NA,NA,NA,NA,NA,NA,NA,NA,NA,NA,NA,NA,NA,NA,NA,NA,NA,NA,NA,NA,NA,NA,NA,NA,NA,NA,NA,NA,NA,NA,NA,NA,NA,NA,NA
05411,mpio,Liborina,-75.78253022419172,6.724089512176238,05411,05,5411,Lib,NA,NA,NA,NA,NA,NA,NA,NA,NA,NA,NA,NA,NA,NA,NA,NA,NA,NA,NA,NA,NA,NA,NA,NA,NA,NA,NA,NA,NA,NA,NA,NA,NA,NA,NA,NA,NA,NA,NA,NA
05134,mpio,Campamento,-75.28881522501538,7.037716156016605,05134,05,5134,Cam,NA,NA,NA,NA,NA,NA,NA,NA,NA,NA,NA,NA,NA,NA,NA,NA,NA,NA,NA,NA,NA,NA,NA,NA,NA,NA,NA,NA,NA,NA,NA,NA,NA,NA,NA,NA,NA,NA,NA,NA
05138,mpio,Cañasgordas,-76.02658521349967,6.81288679781354,05138,05,5138,Cañ,NA,NA,NA,NA,NA,NA,NA,NA,NA,NA,NA,NA,NA,NA,NA,NA,NA,NA,NA,NA,NA,NA,NA,NA,NA,NA,NA,NA,NA,NA,NA,NA,NA,NA,NA,NA,NA,NA,NA,NA
05142,mpio,Caracolí,-74.73366777567848,6.336162250890057,05142,05,5142,Car,NA,NA,NA,NA,NA,NA,NA,NA,NA,NA,NA,NA,NA,NA,NA,NA,NA,NA,NA,NA,NA,NA,NA,NA,NA,NA,NA,NA,NA,NA,NA,NA,NA,NA,NA,NA,NA,NA,NA,NA
05145,mpio,Caramanta,-75.63239525845898,5.555918217498725,05145,05,5145,Car,NA,NA,NA,NA,NA,NA,NA,NA,NA,NA,NA,NA,NA,NA,NA,NA,NA,NA,NA,NA,NA,NA,NA,NA,NA,NA,NA,NA,NA,NA,NA,NA,NA,NA,NA,NA,NA,NA,NA,NA
05147,mpio,Carepa,-76.65715946423613,7.788864134813334,05147,05,5147,Car,NA,NA,NA,NA,NA,NA,NA,NA,NA,NA,NA,NA,NA,NA,NA,NA,NA,NA,NA,NA,NA,NA,NA,NA,NA,NA,NA,NA,NA,NA,NA,NA,NA,NA,NA,NA,NA,NA,NA,NA
05628,mpio,Sabanalarga,-75.79227327581016,6.898565938343459,05628,05,5628,Sab,NA,NA,NA,NA,NA,NA,NA,NA,NA,NA,NA,NA,NA,NA,NA,NA,NA,NA,NA,NA,NA,NA,NA,NA,NA,NA,NA,NA,NA,NA,NA,NA,NA,NA,NA,NA,NA,NA,NA,NA
05150,mpio,Carolina,-75.30756604138291,6.754026933485864,05150,05,5150,Car,NA,NA,NA,NA,NA,NA,NA,NA,NA,NA,NA,NA,NA,NA,NA,NA,NA,NA,NA,NA,NA,NA,NA,NA,NA,NA,NA,NA,NA,NA,NA,NA,NA,NA,NA,NA,NA,NA,NA,NA
05154,mpio,Caucasia,-75.03518926247135,7.868438265094053,05154,05,5154,Cau,NA,NA,NA,NA,NA,NA,NA,NA,NA,NA,NA,NA,NA,NA,NA,NA,NA,NA,NA,NA,NA,NA,NA,NA,NA,NA,NA,NA,NA,NA,NA,NA,NA,NA,NA,NA,NA,NA,NA,NA
05172,mpio,Chigorodó,-76.6404373820565,7.631141978637091,05172,05,5172,Chi,NA,NA,NA,NA,NA,NA,NA,NA,NA,NA,NA,NA,NA,NA,NA,NA,NA,NA,NA,NA,NA,NA,NA,NA,NA,NA,NA,NA,NA,NA,NA,NA,NA,NA,NA,NA,NA,NA,NA,NA
05190,mpio,Cisneros,-75.08272207407506,6.553239924643066,05190,05,5190,Cis,NA,NA,NA,NA,NA,NA,NA,NA,NA,NA,NA,NA,NA,NA,NA,NA,NA,NA,NA,NA,NA,NA,NA,NA,NA,NA,NA,NA,NA,NA,NA,NA,NA,NA,NA,NA,NA,NA,NA,NA
05197,mpio,Cocorná,-75.16056248711166,6.007250850943549,05197,05,5197,Coc,NA,NA,NA,NA,NA,NA,NA,NA,NA,NA,NA,NA,NA,NA,NA,NA,NA,NA,NA,NA,NA,NA,NA,NA,NA,NA,NA,NA,NA,NA,NA,NA,NA,NA,NA,NA,NA,NA,NA,NA
05206,mpio,Concepción,-75.21726770174642,6.377813571282332,05206,05,5206,Con,NA,NA,NA,NA,NA,NA,NA,NA,NA,NA,NA,NA,NA,NA,NA,NA,NA,NA,NA,NA,NA,NA,NA,NA,NA,NA,NA,NA,NA,NA,NA,NA,NA,NA,NA,NA,NA,NA,NA,NA
05209,mpio,Concordia,-75.90024563134448,6.056953337209619,05209,05,5209,Con,NA,NA,NA,NA,NA,NA,NA,NA,NA,NA,NA,NA,NA,NA,NA,NA,NA,NA,NA,NA,NA,NA,NA,NA,NA,NA,NA,NA,NA,NA,NA,NA,NA,NA,NA,NA,NA,NA,NA,NA
05885,mpio,Yalí,-74.75670554929039,6.717873794407401,05885,05,5885,Yal,NA,NA,NA,NA,NA,NA,NA,NA,NA,NA,NA,NA,NA,NA,NA,NA,NA,NA,NA,NA,NA,NA,NA,NA,NA,NA,NA,NA,NA,NA,NA,NA,NA,NA,NA,NA,NA,NA,NA,NA
05234,mpio,Dabeiba,-76.31485465818015,6.992815188030559,05234,05,5234,Dab,NA,NA,NA,NA,NA,NA,NA,NA,NA,NA,NA,NA,NA,NA,NA,NA,NA,NA,NA,NA,NA,NA,NA,NA,NA,NA,NA,NA,NA,NA,NA,NA,NA,NA,NA,NA,NA,NA,NA,NA
05237,mpio,Donmatías,-75.36443323910986,6.505640968190662,05237,05,5237,Don,NA,NA,NA,NA,NA,NA,NA,NA,NA,NA,NA,NA,NA,NA,NA,NA,NA,NA,NA,NA,NA,NA,NA,NA,NA,NA,NA,NA,NA,NA,NA,NA,NA,NA,NA,NA,NA,NA,NA,NA
05240,mpio,Ebéjico,-75.78360947492115,6.327813263261843,05240,05,5240,Ebé,NA,NA,NA,NA,NA,NA,NA,NA,NA,NA,NA,NA,NA,NA,NA,NA,NA,NA,NA,NA,NA,NA,NA,NA,NA,NA,NA,NA,NA,NA,NA,NA,NA,NA,NA,NA,NA,NA,NA,NA
05250,mpio,El Bagre,-74.66358838394656,7.702429952952268,05250,05,5250,El,NA,NA,NA,NA,NA,NA,NA,NA,NA,NA,NA,NA,NA,NA,NA,NA,NA,NA,NA,NA,NA,NA,NA,NA,NA,NA,NA,NA,NA,NA,NA,NA,NA,NA,NA,NA,NA,NA,NA,NA
05480,mpio,Mutatá,-76.46224454510565,7.329015725832432,05480,05,5480,Mut,NA,NA,NA,NA,NA,NA,NA,NA,NA,NA,NA,NA,NA,NA,NA,NA,NA,NA,NA,NA,NA,NA,NA,NA,NA,NA,NA,NA,NA,NA,NA,NA,NA,NA,NA,NA,NA,NA,NA,NA
05361,mpio,Ituango,-75.8492761465263,7.303221226436189,05361,05,5361,Itu,NA,NA,NA,NA,NA,NA,NA,NA,NA,NA,NA,NA,NA,NA,NA,NA,NA,NA,NA,NA,NA,NA,NA,NA,NA,NA,NA,NA,NA,NA,NA,NA,NA,NA,NA,NA,NA,NA,NA,NA
05282,mpio,Fredonia,-75.68145870885463,5.888382462775554,05282,05,5282,Fre,NA,NA,NA,NA,NA,NA,NA,NA,NA,NA,NA,NA,NA,NA,NA,NA,NA,NA,NA,NA,NA,NA,NA,NA,NA,NA,NA,NA,NA,NA,NA,NA,NA,NA,NA,NA,NA,NA,NA,NA
05284,mpio,Frontino,-76.3325917162759,6.690682802173942,05284,05,5284,Fro,NA,NA,NA,NA,NA,NA,NA,NA,NA,NA,NA,NA,NA,NA,NA,NA,NA,NA,NA,NA,NA,NA,NA,NA,NA,NA,NA,NA,NA,NA,NA,NA,NA,NA,NA,NA,NA,NA,NA,NA
05306,mpio,Giraldo,-75.94895428046208,6.663139482964665,05306,05,5306,Gir,NA,NA,NA,NA,NA,NA,NA,NA,NA,NA,NA,NA,NA,NA,NA,NA,NA,NA,NA,NA,NA,NA,NA,NA,NA,NA,NA,NA,NA,NA,NA,NA,NA,NA,NA,NA,NA,NA,NA,NA
05652,mpio,San Francisco,-74.97540254759538,5.882653453275657,05652,05,5652,San,NA,NA,NA,NA,NA,NA,NA,NA,NA,NA,NA,NA,NA,NA,NA,NA,NA,NA,NA,NA,NA,NA,NA,NA,NA,NA,NA,NA,NA,NA,NA,NA,NA,NA,NA,NA,NA,NA,NA,NA
05310,mpio,Gómez Plata,-75.1922196847316,6.709320350591201,05310,05,5310,Góm,NA,NA,NA,NA,NA,NA,NA,NA,NA,NA,NA,NA,NA,NA,NA,NA,NA,NA,NA,NA,NA,NA,NA,NA,NA,NA,NA,NA,NA,NA,NA,NA,NA,NA,NA,NA,NA,NA,NA,NA
05313,mpio,Granada,-75.12679556191235,6.12243422302496,05313,05,5313,Gra,NA,NA,NA,NA,NA,NA,NA,NA,NA,NA,NA,NA,NA,NA,NA,NA,NA,NA,NA,NA,NA,NA,NA,NA,NA,NA,NA,NA,NA,NA,NA,NA,NA,NA,NA,NA,NA,NA,NA,NA
05315,mpio,Guadalupe,-75.22530621962781,6.861026442399097,05315,05,5315,Gua,NA,NA,NA,NA,NA,NA,NA,NA,NA,NA,NA,NA,NA,NA,NA,NA,NA,NA,NA,NA,NA,NA,NA,NA,NA,NA,NA,NA,NA,NA,NA,NA,NA,NA,NA,NA,NA,NA,NA,NA
05660,mpio,San Luis,-74.96154989355873,6.014786781351678,05660,05,5660,San,NA,NA,NA,NA,NA,NA,NA,NA,NA,NA,NA,NA,NA,NA,NA,NA,NA,NA,NA,NA,NA,NA,NA,NA,NA,NA,NA,NA,NA,NA,NA,NA,NA,NA,NA,NA,NA,NA,NA,NA
05664,mpio,San Pedro De Los Milagros,-75.56245148603243,6.458259913274919,05664,05,5664,San,NA,NA,NA,NA,NA,NA,NA,NA,NA,NA,NA,NA,NA,NA,NA,NA,NA,NA,NA,NA,NA,NA,NA,NA,NA,NA,NA,NA,NA,NA,NA,NA,NA,NA,NA,NA,NA,NA,NA,NA
05665,mpio,San Pedro De Urabá,-76.31629273729325,8.378953443870987,05665,05,5665,San,NA,NA,NA,NA,NA,NA,NA,NA,NA,NA,NA,NA,NA,NA,NA,NA,NA,NA,NA,NA,NA,NA,NA,NA,NA,NA,NA,NA,NA,NA,NA,NA,NA,NA,NA,NA,NA,NA,NA,NA
05353,mpio,Hispania,-75.90414133833437,5.793765480968364,05353,05,5353,His,NA,NA,NA,NA,NA,NA,NA,NA,NA,NA,NA,NA,NA,NA,NA,NA,NA,NA,NA,NA,NA,NA,NA,NA,NA,NA,NA,NA,NA,NA,NA,NA,NA,NA,NA,NA,NA,NA,NA,NA
05667,mpio,San Rafael,-74.99596096285518,6.310736897214359,05667,05,5667,San,NA,NA,NA,NA,NA,NA,NA,NA,NA,NA,NA,NA,NA,NA,NA,NA,NA,NA,NA,NA,NA,NA,NA,NA,NA,NA,NA,NA,NA,NA,NA,NA,NA,NA,NA,NA,NA,NA,NA,NA
05837,mpio,Turbo,-76.72353267215297,8.000541285943282,05837,05,5837,Tur,NA,NA,NA,NA,NA,NA,NA,NA,NA,NA,NA,NA,NA,NA,NA,NA,NA,NA,NA,NA,NA,NA,NA,NA,NA,NA,NA,NA,NA,NA,NA,NA,NA,NA,NA,NA,NA,NA,NA,NA
05364,mpio,Jardín,-75.819185587939,5.572321859802075,05364,05,5364,Jar,NA,NA,NA,NA,NA,NA,NA,NA,NA,NA,NA,NA,NA,NA,NA,NA,NA,NA,NA,NA,NA,NA,NA,NA,NA,NA,NA,NA,NA,NA,NA,NA,NA,NA,NA,NA,NA,NA,NA,NA
05495,mpio,Nechí,-74.79161333262583,7.99047799414123,05495,05,5495,Nec,NA,NA,NA,NA,NA,NA,NA,NA,NA,NA,NA,NA,NA,NA,NA,NA,NA,NA,NA,NA,NA,NA,NA,NA,NA,NA,NA,NA,NA,NA,NA,NA,NA,NA,NA,NA,NA,NA,NA,NA
05690,mpio,Santo Domingo,-75.14083579655436,6.48162320651811,05690,05,5690,San,NA,NA,NA,NA,NA,NA,NA,NA,NA,NA,NA,NA,NA,NA,NA,NA,NA,NA,NA,NA,NA,NA,NA,NA,NA,NA,NA,NA,NA,NA,NA,NA,NA,NA,NA,NA,NA,NA,NA,NA
05856,mpio,Valparaíso,-75.62943947740791,5.652522353540148,05856,05,5856,Val,NA,NA,NA,NA,NA,NA,NA,NA,NA,NA,NA,NA,NA,NA,NA,NA,NA,NA,NA,NA,NA,NA,NA,NA,NA,NA,NA,NA,NA,NA,NA,NA,NA,NA,NA,NA,NA,NA,NA,NA
05390,mpio,La Pintada,-75.6012489362065,5.744742604571764,05390,05,5390,La,NA,NA,NA,NA,NA,NA,NA,NA,NA,NA,NA,NA,NA,NA,NA,NA,NA,NA,NA,NA,NA,NA,NA,NA,NA,NA,NA,NA,NA,NA,NA,NA,NA,NA,NA,NA,NA,NA,NA,NA
05400,mpio,La Unión,-75.35545202261368,5.939623738785881,05400,05,5400,La,NA,NA,NA,NA,NA,NA,NA,NA,NA,NA,NA,NA,NA,NA,NA,NA,NA,NA,NA,NA,NA,NA,NA,NA,NA,NA,NA,NA,NA,NA,NA,NA,NA,NA,NA,NA,NA,NA,NA,NA
05761,mpio,Sopetrán,-75.7436640764976,6.521656625872611,05761,05,5761,Sop,NA,NA,NA,NA,NA,NA,NA,NA,NA,NA,NA,NA,NA,NA,NA,NA,NA,NA,NA,NA,NA,NA,NA,NA,NA,NA,NA,NA,NA,NA,NA,NA,NA,NA,NA,NA,NA,NA,NA,NA
05425,mpio,Maceo,-74.71442904580445,6.534391550986349,05425,05,5425,Mac,NA,NA,NA,NA,NA,NA,NA,NA,NA,NA,NA,NA,NA,NA,NA,NA,NA,NA,NA,NA,NA,NA,NA,NA,NA,NA,NA,NA,NA,NA,NA,NA,NA,NA,NA,NA,NA,NA,NA,NA
05790,mpio,Tarazá,-75.40013930102191,7.48734383550283,05790,05,5790,Tar,NA,NA,NA,NA,NA,NA,NA,NA,NA,NA,NA,NA,NA,NA,NA,NA,NA,NA,NA,NA,NA,NA,NA,NA,NA,NA,NA,NA,NA,NA,NA,NA,NA,NA,NA,NA,NA,NA,NA,NA
05467,mpio,Montebello,-75.51920336437202,5.916507908430667,05467,05,5467,Mon,NA,NA,NA,NA,NA,NA,NA,NA,NA,NA,NA,NA,NA,NA,NA,NA,NA,NA,NA,NA,NA,NA,NA,NA,NA,NA,NA,NA,NA,NA,NA,NA,NA,NA,NA,NA,NA,NA,NA,NA
05475,mpio,Murindó,-76.70783782975408,6.828033184677589,05475,05,5475,Mur,NA,NA,NA,NA,NA,NA,NA,NA,NA,NA,NA,NA,NA,NA,NA,NA,NA,NA,NA,NA,NA,NA,NA,NA,NA,NA,NA,NA,NA,NA,NA,NA,NA,NA,NA,NA,NA,NA,NA,NA
05809,mpio,Titiribí,-75.80049478086937,6.057128294268855,05809,05,5809,Tit,NA,NA,NA,NA,NA,NA,NA,NA,NA,NA,NA,NA,NA,NA,NA,NA,NA,NA,NA,NA,NA,NA,NA,NA,NA,NA,NA,NA,NA,NA,NA,NA,NA,NA,NA,NA,NA,NA,NA,NA
05819,mpio,Toledo,-75.7141133101774,7.013268128423279,05819,05,5819,Tol,NA,NA,NA,NA,NA,NA,NA,NA,NA,NA,NA,NA,NA,NA,NA,NA,NA,NA,NA,NA,NA,NA,NA,NA,NA,NA,NA,NA,NA,NA,NA,NA,NA,NA,NA,NA,NA,NA,NA,NA
05490,mpio,Necoclí,-76.67891681009039,8.495026735389011,05490,05,5490,Nec,NA,NA,NA,NA,NA,NA,NA,NA,NA,NA,NA,NA,NA,NA,NA,NA,NA,NA,NA,NA,NA,NA,NA,NA,NA,NA,NA,NA,NA,NA,NA,NA,NA,NA,NA,NA,NA,NA,NA,NA
05642,mpio,Salgar,-75.9820526877208,5.969482895038642,05642,05,5642,Sal,NA,NA,NA,NA,NA,NA,NA,NA,NA,NA,NA,NA,NA,NA,NA,NA,NA,NA,NA,NA,NA,NA,NA,NA,NA,NA,NA,NA,NA,NA,NA,NA,NA,NA,NA,NA,NA,NA,NA,NA
05501,mpio,Olaya,-75.7759517747996,6.610425422181019,05501,05,5501,Ola,NA,NA,NA,NA,NA,NA,NA,NA,NA,NA,NA,NA,NA,NA,NA,NA,NA,NA,NA,NA,NA,NA,NA,NA,NA,NA,NA,NA,NA,NA,NA,NA,NA,NA,NA,NA,NA,NA,NA,NA
05649,mpio,San Carlos,-74.90834879287338,6.194724829012063,05649,05,5649,San,NA,NA,NA,NA,NA,NA,NA,NA,NA,NA,NA,NA,NA,NA,NA,NA,NA,NA,NA,NA,NA,NA,NA,NA,NA,NA,NA,NA,NA,NA,NA,NA,NA,NA,NA,NA,NA,NA,NA,NA
05543,mpio,Peque,-75.88990903552057,7.04469790665202,05543,05,5543,Peq,NA,NA,NA,NA,NA,NA,NA,NA,NA,NA,NA,NA,NA,NA,NA,NA,NA,NA,NA,NA,NA,NA,NA,NA,NA,NA,NA,NA,NA,NA,NA,NA,NA,NA,NA,NA,NA,NA,NA,NA
05576,mpio,Pueblorrico,-75.85686899319225,5.8044141265684,05576,05,5576,Pue,NA,NA,NA,NA,NA,NA,NA,NA,NA,NA,NA,NA,NA,NA,NA,NA,NA,NA,NA,NA,NA,NA,NA,NA,NA,NA,NA,NA,NA,NA,NA,NA,NA,NA,NA,NA,NA,NA,NA,NA
05579,mpio,Puerto Berrío,-74.52869692662286,6.482510179537994,05579,05,5579,Pue,NA,NA,NA,NA,NA,NA,NA,NA,NA,NA,NA,NA,NA,NA,NA,NA,NA,NA,NA,NA,NA,NA,NA,NA,NA,NA,NA,NA,NA,NA,NA,NA,NA,NA,NA,NA,NA,NA,NA,NA
05659,mpio,San Juan De Urabá,-76.53310241722065,8.707415368423705,05659,05,5659,San,NA,NA,NA,NA,NA,NA,NA,NA,NA,NA,NA,NA,NA,NA,NA,NA,NA,NA,NA,NA,NA,NA,NA,NA,NA,NA,NA,NA,NA,NA,NA,NA,NA,NA,NA,NA,NA,NA,NA,NA
05887,mpio,Yarumal,-75.45537895859798,6.987997454050405,05887,05,5887,Yar,NA,NA,NA,NA,NA,NA,NA,NA,NA,NA,NA,NA,NA,NA,NA,NA,NA,NA,NA,NA,NA,NA,NA,NA,NA,NA,NA,NA,NA,NA,NA,NA,NA,NA,NA,NA,NA,NA,NA,NA
05604,mpio,Remedios,-74.55759481795987,6.999626036737502,05604,05,5604,Rem,NA,NA,NA,NA,NA,NA,NA,NA,NA,NA,NA,NA,NA,NA,NA,NA,NA,NA,NA,NA,NA,NA,NA,NA,NA,NA,NA,NA,NA,NA,NA,NA,NA,NA,NA,NA,NA,NA,NA,NA
05792,mpio,Tarso,-75.82913583643453,5.871156197083275,05792,05,5792,Tar,NA,NA,NA,NA,NA,NA,NA,NA,NA,NA,NA,NA,NA,NA,NA,NA,NA,NA,NA,NA,NA,NA,NA,NA,NA,NA,NA,NA,NA,NA,NA,NA,NA,NA,NA,NA,NA,NA,NA,NA
05647,mpio,San Andrés De Cuerquía,-75.66413646431629,6.918063951632195,05647,05,5647,San,NA,NA,NA,NA,NA,NA,NA,NA,NA,NA,NA,NA,NA,NA,NA,NA,NA,NA,NA,NA,NA,NA,NA,NA,NA,NA,NA,NA,NA,NA,NA,NA,NA,NA,NA,NA,NA,NA,NA,NA
05854,mpio,Valdivia,-75.40013811604481,7.265432299206812,05854,05,5854,Val,NA,NA,NA,NA,NA,NA,NA,NA,NA,NA,NA,NA,NA,NA,NA,NA,NA,NA,NA,NA,NA,NA,NA,NA,NA,NA,NA,NA,NA,NA,NA,NA,NA,NA,NA,NA,NA,NA,NA,NA
05674,mpio,San Vicente Ferrer,-75.3279847603425,6.310783605303788,05674,05,5674,San,NA,NA,NA,NA,NA,NA,NA,NA,NA,NA,NA,NA,NA,NA,NA,NA,NA,NA,NA,NA,NA,NA,NA,NA,NA,NA,NA,NA,NA,NA,NA,NA,NA,NA,NA,NA,NA,NA,NA,NA
05679,mpio,Santa Bárbara,-75.58465219795166,5.88212401983384,05679,05,5679,San,NA,NA,NA,NA,NA,NA,NA,NA,NA,NA,NA,NA,NA,NA,NA,NA,NA,NA,NA,NA,NA,NA,NA,NA,NA,NA,NA,NA,NA,NA,NA,NA,NA,NA,NA,NA,NA,NA,NA,NA
05658,mpio,San José De La Montaña,-75.67671248101213,6.824142763250047,05658,05,5658,San,NA,NA,NA,NA,NA,NA,NA,NA,NA,NA,NA,NA,NA,NA,NA,NA,NA,NA,NA,NA,NA,NA,NA,NA,NA,NA,NA,NA,NA,NA,NA,NA,NA,NA,NA,NA,NA,NA,NA,NA
05873,mpio,Vigía Del Fuerte,-76.69390431189592,6.45213966098224,05873,05,5873,Vig,NA,NA,NA,NA,NA,NA,NA,NA,NA,NA,NA,NA,NA,NA,NA,NA,NA,NA,NA,NA,NA,NA,NA,NA,NA,NA,NA,NA,NA,NA,NA,NA,NA,NA,NA,NA,NA,NA,NA,NA
05789,mpio,Támesis,-75.71005278523353,5.673450034296747,05789,05,5789,Tám,NA,NA,NA,NA,NA,NA,NA,NA,NA,NA,NA,NA,NA,NA,NA,NA,NA,NA,NA,NA,NA,NA,NA,NA,NA,NA,NA,NA,NA,NA,NA,NA,NA,NA,NA,NA,NA,NA,NA,NA
05656,mpio,San Jerónimo,-75.70476186704079,6.43763396073991,05656,05,5656,San,NA,NA,NA,NA,NA,NA,NA,NA,NA,NA,NA,NA,NA,NA,NA,NA,NA,NA,NA,NA,NA,NA,NA,NA,NA,NA,NA,NA,NA,NA,NA,NA,NA,NA,NA,NA,NA,NA,NA,NA
05890,mpio,Yolombó,-74.92190108361531,6.644324429020973,05890,05,5890,Yol,NA,NA,NA,NA,NA,NA,NA,NA,NA,NA,NA,NA,NA,NA,NA,NA,NA,NA,NA,NA,NA,NA,NA,NA,NA,NA,NA,NA,NA,NA,NA,NA,NA,NA,NA,NA,NA,NA,NA,NA
05847,mpio,Urrao,-76.25979960615834,6.336154651693728,05847,05,5847,Urr,NA,NA,NA,NA,NA,NA,NA,NA,NA,NA,NA,NA,NA,NA,NA,NA,NA,NA,NA,NA,NA,NA,NA,NA,NA,NA,NA,NA,NA,NA,NA,NA,NA,NA,NA,NA,NA,NA,NA,NA
05861,mpio,Venecia,-75.77667036324677,5.957936081327948,05861,05,5861,Ven,NA,NA,NA,NA,NA,NA,NA,NA,NA,NA,NA,NA,NA,NA,NA,NA,NA,NA,NA,NA,NA,NA,NA,NA,NA,NA,NA,NA,NA,NA,NA,NA,NA,NA,NA,NA,NA,NA,NA,NA
05842,mpio,Uramita,-76.13167195630004,6.914085565062334,05842,05,5842,Ura,NA,NA,NA,NA,NA,NA,NA,NA,NA,NA,NA,NA,NA,NA,NA,NA,NA,NA,NA,NA,NA,NA,NA,NA,NA,NA,NA,NA,NA,NA,NA,NA,NA,NA,NA,NA,NA,NA,NA,NA
05756,mpio,Sonsón,-75.06005105931858,5.761483712822131,05756,05,5756,Son,NA,NA,NA,NA,NA,NA,NA,NA,NA,NA,NA,NA,NA,NA,NA,NA,NA,NA,NA,NA,NA,NA,NA,NA,NA,NA,NA,NA,NA,NA,NA,NA,NA,NA,NA,NA,NA,NA,NA,NA
05736,mpio,Segovia,-74.62110846338082,7.268890861637109,05736,05,5736,Seg,NA,NA,NA,NA,NA,NA,NA,NA,NA,NA,NA,NA,NA,NA,NA,NA,NA,NA,NA,NA,NA,NA,NA,NA,NA,NA,NA,NA,NA,NA,NA,NA,NA,NA,NA,NA,NA,NA,NA,NA
05858,mpio,Vegachí,-74.7561275524288,6.838531715071826,05858,05,5858,Veg,NA,NA,NA,NA,NA,NA,NA,NA,NA,NA,NA,NA,NA,NA,NA,NA,NA,NA,NA,NA,NA,NA,NA,NA,NA,NA,NA,NA,NA,NA,NA,NA,NA,NA,NA,NA,NA,NA,NA,NA
