nivl_vl,id_nivl,nvl_lbl,X,Y,code5,depcode,nvl_vl_,nvl_l_2,nvl_label,idx1_servicio1,idx2_Adultez1,idx2_Adultez2,idx2_Adultez3,idx3_climatico1,idx3_climatico2,idx4_Capacidad1,idx4_Capacidad2,idx5_viviendas1,idx5_viviendas2,idx6_crecimiento1,idx6_crecimiento2,idx6_crecimiento3,idx7_gini1,idx8_demografica1,idx9_infnin1,idx9_infnin2,idx9_infnin3,idx9_infnin4,idx10_juventud1,idx10_juventud2,idx10_juventud3,idx10_juventud4,idx11_pobreza1,idx11_pobreza2,idx12_salud1,idx12_salud2,idx13_saludmental1,idx13_saludmental2,idx14_seguridad1,idx14_seguridad2,idx15_vejez1,sub_grp
05893,mpio,Yondó,-74.1591850871306,6.924952641125988,05893,05,5893,Yon,yondo,-0.5583944993482634,2.7048305208838976,0.7570613136157704,-0.7796743630820437,-0.07395473742768677,-2.079832691252757,0.36000716372114205,-0.21817263799248965,-1.2664661905328927,0.0676371847107355,-1.1627581048381561,0.18754105153057088,0.5081232761521252,-0.1700370056128906,-0.7186396464217744,0.5844360464457495,0.7608683440142856,-0.6016675092577787,-1.2826896796153622,-0.4835323059299833,-0.31470680745542334,0.3713471096866721,0.69409460445686,-1.338237076566927,-1.0616944084307158,-0.22061775000720565,-0.1726647390553025,-0.9033678218995864,0.565452970863814,-1.5190003698052486,1.1490422891444456,-1.3201335453149488,Vulnerable
05895,mpio,Zaragoza,-74.85727639831647,7.474121234219121,05895,05,5895,Zar,zaragoza,-8.736590198195003,0.1945388877772948,0.37565869412971165,0.23781207547042713,1.6230691301004254,-1.136031142733794,-0.06199633028084337,-0.1637181025309265,-1.4409054502450296,-1.2602837894632704,-0.5737217332379938,0.46229406291838676,0.10425194926124813,-0.3225439843302167,-0.8869102992890101,0.9515369860316735,-0.8123376809259212,0.25700867473164807,-0.25225955357151114,-1.3361098684308321,-1.2976972483348825,-1.6564705891511238,0.3730072770494781,-1.4128934044260866,-0.6657804700202916,-3.217765651528131,0.4238045706731914,-0.25307683315487606,0.14153006123121087,-1.047975089096274,0.5527914942743569,-1.884221882766423,Vulnerable
05001,mpio,Medellín,-75.6127999092285,6.258851646871735,05001,05,5001,Med,medellin,0.4189637755686827,0.4163116189512254,-1.8236351035731213,-0.5600678370075671,0.6431239307752075,0.23314729563655748,4.171809563477858,10.156021685247874,0.8513014759094831,0.7229450344842729,0.1865163795089858,2.513618672920333,-0.24341560781617694,0.40275278943925963,1.653168187976109,0.4044548484644746,-1.1568746432079873,-0.1614973104582796,0.1368818107826728,1.9564180238965918,-0.9942939334374863,-0.6902162879052303,-0.8559123691613278,0.6143687879908739,-1.3450751969182626,0.5141834425241911,1.8218254076128249,0.7793984947120152,0.4619186621698508,0.016343062752887418,2.9591309200888722,0.6607774094656822,Consolidada
05002,mpio,Abejorral,-75.43996915359027,5.802327928317855,05002,05,5002,Abe,abejorral,0.372662769318873,-0.4874929648346288,1.2692804951275574,-0.0045233805789700685,-0.5374789324018802,0.04093200171756857,-0.15807896652918602,-0.12528505978648558,-0.22726285046761263,1.0171257533611628,-0.31662684493175985,-1.0469192442955966,-0.6046350140651133,-1.1767287121969157,-0.3968746453488714,-0.5001490627614575,0.27151416387316396,0.33881219933087764,0.9091832514172582,-0.44113132677203226,0.7693414589524218,0.4113814299816142,-0.0742901343081382,-0.5131498730953851,-0.7975914049093581,0.5190244362375483,-0.24387935364687402,3.402298193851278,1.4440788181073825,0.3068700935231676,1.08259445783308,0.9449410254249029,Transición
05004,mpio,Abriaquí,-76.0871416147664,6.628242805445521,05004,05,5004,Abr,abriaqui,-0.6123958013041436,-1.5888839908418466,0.6754294534159574,0.6521231895446349,-0.35823773160208794,0.2971681754438847,-1.2397063338825154,0.0495923129379092,0.2781576110071187,-0.15036338658295242,-1.2094924314121613,0.37882826579219164,1.919571736255437,1.3924139839334362,-0.22170493634257138,-1.6095825129882444,1.1459982036846976,1.3482320198672149,-0.4103501000727832,-0.08022317623389859,2.0088483735064107,0.9414242748522582,-0.40291949169259667,0.7172143105976717,-0.5409687403811507,0.5724029658953579,0.9081004662443614,0.7949667302654029,-3.6070371245299153,1.3166561296543253,-1.31608906574655,0.6453183954735616,Transición
05021,mpio,Alejandría,-75.08992268709144,6.364688109831899,05021,05,5021,Ale,alejandria,0.34219704033053233,-1.674511012279534,-0.08082813986868886,0.3680591654911812,-0.19426095925252418,0.5123141856676127,-0.745276526676122,0.2008760384632764,0.8745574554845176,0.16236691715385349,-0.10759627927745269,-0.5777417527724902,-0.47410740014628405,-0.13441485471726555,-0.8254234433666645,-1.1754397186533843,0.32563275682768134,0.7054432513984606,1.8845831483271738,0.1305484126920307,1.2154553769540295,-0.6330714264602928,-0.7437689819932606,-0.09557257020688897,0.4157147068707117,0.5313755178975631,-0.10323950764849832,-0.10736288221970658,-1.5826925590770886,0.807938702644036,-0.9944854066846628,0.45052120401288215,Transición
05030,mpio,Amagá,-75.70694035674894,6.032726554782707,05030,05,5030,Ama,amaga,-2.1888967277372284,1.0538608914676404,0.2098252466502228,-0.5913540916251737,-0.4513354514031843,0.48686547737982305,0.2971523814131919,-0.16175001065533373,0.42486122595972853,0.8017957703865988,1.6615629310294477,-0.5307334370901724,-0.10190520632437014,-0.46000832077955667,1.177609047203093,-0.39880382972257244,-0.18121734087637015,0.038635257185218576,-0.08447572912166276,0.3890423213000717,-6.342050998211949e-4,0.8266872977218112,0.9819861772106997,0.3894028132464189,-0.4126981031151213,0.48485541914645397,-0.3605897677743925,-1.350658484175279,-0.2150937850502255,0.4250283008536832,-0.48794576053657757,0.4666135087596459,Transición
05031,mpio,Amalfi,-74.98142088861091,6.977017823056702,05031,05,5031,Ama,amalfi,0.4234389842994408,-0.24782609201004036,0.43683859048445556,0.41664301041886237,0.08612381555042138,-0.9001518646328337,-0.06691830260574355,-0.04291402939152561,0.010138006887521712,-0.19762801034613167,-0.6109386506201433,0.5157729797254367,-0.2505577340926329,-1.0446560125730742,0.41792864279963143,-0.5050322283295163,0.9502641778031858,0.22035734330144127,0.4854582137349325,-0.36371213994093354,1.0033986915642985,0.3436857164104354,-0.12649451500220438,0.09972390745698372,1.0353850265436957,0.2373616857054113,-0.7295423184432642,-0.25773895625356014,-0.12081921551152365,-1.0715558364609319,-0.19592955714124347,-0.546977299905562,Transición
05034,mpio,Andes,-75.92493905135751,5.624279481107275,05034,05,5034,And,andes,0.5342681160727368,0.8189020894946675,0.45385390145816973,-1.228143178875119,0.017324686401827646,-0.256344983555879,0.23986895222335267,-0.07072435630508807,0.9313975891865582,0.14224744060859798,-0.17193909570729365,-0.022660056100143204,0.15066199851978945,-0.8151195438502697,0.6735223221142732,-0.0766696930736866,-0.11384004083163131,-0.4681061016945318,-0.39284725806447507,0.526447950209607,-0.19595531560910293,0.5243483559506426,0.09828047144432353,0.42041140746899036,0.15656036602419066,0.5228863581683117,-0.22085027247583375,-0.39395822012801157,-1.0004452403288204,-0.5123218246382358,0.4875563055077976,0.3478642448982925,Transición
05036,mpio,Angelópolis,-75.71816333813786,6.119759257449431,05036,05,5036,Ang,angelopolis,-1.041162538072286,1.3244321248776678,-0.5617415570308386,0.3727862419279648,-0.030064319185343025,0.6679794655155319,0.3688208141000217,-0.4298489939263267,0.2435085792388199,0.00803081099715433,0.23123279447359504,-0.5636222065461077,0.010316533174293473,-1.0989693208179208,0.30081036382540477,-0.5070028302144448,0.25132132731804335,-0.3753066358823298,-2.6033813949360964,0.36062897073425154,0.23486704020104637,-1.0084471031854816,0.32673380984164063,0.5535540064248148,0.2999095187845728,0.5563078179132396,0.5113498191918762,0.6476761266382263,-2.9414698598501974,0.3196630822880728,-0.5475880259964615,0.6781673237787685,Transición
05038,mpio,Angostura,-75.35932847383421,6.861471413586091,05038,05,5038,Ang,angostura,-0.2197990547335824,-0.885809377828968,1.0239782320891095,-0.16006320333358517,0.497635344534405,-2.1145711990732736,0.2489921837615514,-0.11543908446211022,-0.2926454072584724,-0.42113322133641956,-0.7126932781346975,-0.613941091919893,0.4146642732759669,3.0805478877965418,-0.00902864934897369,-0.599967494836757,0.5908665997694229,0.018058855999779706,-0.39308685440588087,-0.9551522097269022,1.4443053917417674,-0.11308197278691808,-0.7481414198999589,-0.7210541618778951,1.935976523453796,0.5274472416414954,-0.2000727985338855,0.5178747244258394,-0.7816676502128691,-0.6921751938828531,-1.2114664000151805,-0.10989148099774071,Transición
05040,mpio,Anorí,-75.10780220695464,7.193963891656249,05040,05,5040,Ano,anori,0.539393416004241,1.1551395356937646,0.9586308443234505,-0.0888112321346655,-1.4549570723765544,-1.4295259423159805,-0.9008549984430936,0.16827211624253713,-0.4744318995141242,-1.9987688182482681,-0.8877483187243683,0.5463957385387099,-0.45794898227713504,-0.0015682756624442052,0.06585936191502866,-0.5478941918500281,0.277696799989254,0.03335699194600831,-0.04350505274435401,-1.67695248580482,0.8678775990780234,0.6460703849654943,-2.4919951058703957,-0.11790150241030173,0.20402479349754565,-1.202411513456126,-3.2156831223246773,-1.0829479655502456,0.4451919937050357,-3.9553856434427854,-0.08724842911782205,-1.3081186274317644,Vulnerable
05042,mpio,Santa Fé De Antioquia,-75.90499964678077,6.534498010517901,05042,05,5042,San,santa_fe_de_antioquia,0.2873867400153349,0.8469538664116008,0.8451412881338011,-0.3959300559898407,0.07816040258468084,0.7533282040973258,0.6338426332687399,-0.3196678105966612,0.10354509442245495,0.2992451495370835,-0.003134414661794686,0.702183687058754,0.7372616599322828,0.6179476993637453,0.6214556498149633,0.6603807272146162,0.12292454852620055,0.0990301244078695,-1.1467577966359954,0.41919821546355696,-0.4980596727541126,-0.30953947421043737,0.7464616728016696,-0.18184959347403115,-0.924219015804707,0.017771342043307062,1.0562418000841902,-1.0650391605363878,-0.15261131723308188,0.047690723890942636,-0.4797697695742633,0.12695957646129702,Transición
05044,mpio,Anzá,-75.91231309090341,6.305861557837838,05044,05,5044,Anz,anza,-1.2738597738257986,-1.6634213447456572,0.9913538711075516,-0.6477389615276743,-3.089287825492546,-0.5271016869401106,-0.5694176094328365,0.1629126501620588,0.2192133681599442,0.6601126643853692,0.0469409284828905,-0.09359914773546724,-0.30509381714307926,0.5284081310941635,-0.07913759006580132,0.05651225218354704,0.033804631811627725,-0.7204430293810582,-1.1490652007719355,-0.8386182220305812,0.6018942404721247,-0.08035174187467566,-0.5270306533185576,0.5780639442264193,2.283812213542756,0.1223776706229511,-0.967649744347284,-0.11003861871513963,0.32503629250951255,0.19566655343524778,-0.17974042891133651,0.14977536649885873,Transición
05045,mpio,Apartadó,-76.56706680254926,7.897074436040532,05045,05,5045,Apa,apartado,0.570076350306586,0.8616709542825806,-1.5589492749548415,2.9890903499464545,-0.36785606698826423,-0.751462238577437,0.4040918506482719,-0.2972786307526412,0.3446090318772352,0.8655353841185311,-0.6371330896616654,0.6432407737210181,0.06993431945093405,-0.3823665282916441,1.1605199500170504,0.2068975361033297,-0.5990889657930974,0.691154968617624,0.5200552689516892,0.6578095723342428,-1.0041792190373837,-0.8902597139572564,0.8392270857877973,-0.6228673908617361,-1.637753634560333,-1.0050575915767135,1.411892752363029,-0.5225917114427182,0.37802125454536506,-0.5293979056822975,1.6080354489133961,-1.5978017808169176,Vulnerable
05051,mpio,Arboletes,-76.41522867595302,8.612251717517433,05051,05,5051,Arb,arboletes,0.3320417973344187,2.2406993773018478,2.338950246282719,0.4900903470645107,-0.6005929834588213,-1.837218038313012,-1.3360645340422588,0.3603456158217023,-2.9868525000565564,3.1494383042573357,-0.9579791875387864,-0.8805246194396958,-0.2123956151984294,-0.02637828059838997,-1.0978572342244874,-0.02388898188231192,0.2509286166110748,0.7040527926349446,-0.7456385439426669,-0.8443866214237765,-0.7846550084785168,-1.1161862703181455,0.4384727737088796,-2.9561928848528027,-0.24777940948276245,-0.15080615208883383,-0.6213292800183662,-0.8601554535513934,0.6301186286475082,1.015571984606607,-1.2123208903064822,-0.9467388065898881,Vulnerable
05055,mpio,Argelia,-75.09746529951609,5.708071781632922,05055,05,5055,Arg,argelia,0.48830463884277414,-1.7524366916253356,0.4918778293729842,0.5111284459717491,-0.1839847084372742,0.0961544776483615,-0.7596842935411673,0.25767405983448743,-0.13504583561543584,-1.7700240066978945,-0.8228129586494309,-0.974759043574632,-1.5055516593805245,0.4200389197023677,-0.9971892137528229,-0.1757083934309662,0.023908922571830214,0.9558504847670585,-0.6132637813466326,-0.37440792180960164,0.7757790240149733,0.6106380104454392,-0.4944100797340453,-1.1892427687595095,-0.5078703585535796,0.4471730857033396,0.10872801198488564,0.3502682535159363,-0.20438715633149387,-1.269128254755764,0.21537355524101956,-0.12035794018950804,Transición
05059,mpio,Armenia,-75.80864705689626,6.160281593099016,05059,05,5059,Arm,armenia,0.4234389842994408,-0.9020418642248736,-0.6245895054042245,-0.0582255190049046,0.3514112276995431,1.266754437933018,0.19322786563034822,-0.12714657029535784,0.6769909737486544,0.5176601004899712,-0.7378430077590737,-0.6126870084280875,5.872051834822624,-0.9342502023249333,-1.237445394408994,-2.456126084318659,1.7504547692911314,-0.4226746122729353,1.6985921753368234,0.9650750327914756,0.561871362306423,2.8612455781181043,2.349186330963127,0.9122456555024522,0.8307494536619366,0.5318750583941882,0.01637574197835717,-1.054495966567049,0.9577504485530601,0.9123235520165164,3.025707545573629,1.7487038952075469,Transición
05079,mpio,Barbosa,-75.32786343666069,6.443319090375343,05079,05,5079,Bar,barbosa,-0.5390948645623809,1.0396325565829667,-0.8552519715176893,-1.5712961672763013,0.08408082544024544,0.8064923324511135,0.1615938041665003,-0.10930530868213174,0.6240145709654568,-0.1068186123386896,1.5520717893027158,0.7862790622616331,-0.4215532633115844,-0.7652828218169019,1.2461345458853872,-0.4725351462263261,-0.48237740108716026,-0.22923694866213165,0.5858095013562158,0.2262954623255553,-0.0065744782152421495,0.7060424131410058,-0.19447706590985447,0.6677314656698323,-1.44849270796249,0.5460326595126266,1.1581443436088739,0.05418091462259027,0.16605627063221023,0.26008646390499773,0.352752799591524,0.8640030253443467,Consolidada
05086,mpio,Belmira,-75.65593854553747,6.655416376409969,05086,05,5086,Bel,belmira,-0.019078497762619176,1.7978074051799549,1.2891016823652859,-1.3888455203350412,-0.6105718159817182,0.3596050388063428,-0.08202223593591174,-0.0169773039853277,0.6812030133572914,-0.3218867307628157,-0.42008421557584297,-0.13400213595580862,-0.2002627138475053,-0.21321795485396833,0.4637626653039648,-0.9237756720928734,0.3659492608212203,0.71364038345799,-1.3602021233156976,-0.20763879289846104,0.4090560005038087,-0.8713810927257364,0.12255431028703463,0.34433527198414987,-0.5172542897373829,0.532102055875146,-0.08533010954700361,-0.9026347467788194,1.0354307908918399,0.4307819047577423,-1.2053264603726956,-0.45733310130073174,Transición
05088,mpio,Bello,-75.59025592930725,6.359736868390984,05088,05,5088,Bel,bello,0.4234389842994408,0.37001938598334794,-1.5510331637064085,-0.6824605298688131,-0.15311834590973772,-0.4099058439393907,0.6945963207012479,-0.7621939718827906,0.04078424802624474,0.40081519600218396,-0.208289469879419,0.9830939406718561,-0.6167707558913014,-0.21244423534579185,1.7303794341453689,0.27934405623525493,-0.7320152890955647,-0.5764957497360713,0.28059885576723564,1.2783178281240593,-0.5005548152444225,0.5852785076357304,-0.0327496488156633,0.38872217073513676,-0.9005231315836356,0.5114577245970627,0.6302703180797845,0.44172962259207665,0.5910351601943782,0.5063719312326067,1.2017365538719997,-0.2657076342082634,Consolidada
05091,mpio,Betania,-75.98391538682482,5.726633681705867,05091,05,5091,Bet,betania,0.2822002617367315,0.36527062488647105,0.8407858013846866,-0.21204300351865032,-0.18516671696354034,-1.551957480620626,0.22218429403855927,-0.10104178976374059,0.49986534094043383,-1.0285778019074936,0.9588684092243311,-1.497838013718795,-0.17946098640957878,-1.2976174692209892,-0.188988979794009,-0.15609849192006306,0.7273124626299106,-1.9348846699232736,0.3645273001986226,-0.36230077917706893,1.7956840189550116,0.5892729509972241,0.4199057466554189,-0.03572759859436867,0.1540011920203589,0.4694635465758982,-0.06316658945290703,-1.3520920941883914,0.8523439511922487,-0.4670499062500514,-0.08124892455046348,0.003980354621299771,Transición
05093,mpio,Betulia,-75.9571432806565,6.184841691374015,05093,05,5093,Bet,betulia,0.25798105426388945,-0.6836219890489365,0.9202677133255037,-0.49607211067143797,-1.595591720482756,-1.3085291337817195,-0.8405363928481965,0.2468684341148503,-0.7208597351235091,-1.9766540575073226,0.45139488672942324,-1.1675533640402453,0.1031726799585713,-0.6763290450093611,0.22127237078366202,-0.13416419883048508,0.22881688334241085,1.44369799610517,-0.6315014604231766,-1.0282842993882761,0.45357023577018063,0.5448544255601081,-0.49799927110127057,0.0744356049809686,2.4609486886025027,0.5132811466913754,-0.12446265316641807,0.18636495762774494,0.7672768121321617,-0.19643270486955447,0.23949327757680153,-0.5464533368669038,Transición
05101,mpio,Ciudad Bolívar,-76.00902572747876,5.840445938385701,05101,05,5101,Ciu,ciudad_bolivar,0.1296140707629136,-0.4660495473089719,0.40430737741871,-0.7680654456228917,0.3867141365953228,-1.1295115183051683,0.3443571291732079,-0.08325189371691163,0.6715089161701105,0.6790629002885918,0.08101765418487976,0.31422597347106274,0.3552971272356671,-1.4855563706852952,0.08722292433137707,0.2103729323863681,-0.1351551306960154,-1.7154304191712064,0.3306483975939266,0.42695387368455884,-1.3499567556881555,1.7841069124036828,-0.3290069581667015,0.6643677191643308,-0.46046316842314033,0.5129540809705344,0.3861105890676237,-0.5207293090578781,0.5194002629402201,-0.4777791250231495,0.6152948227990265,0.3724825912106538,Transición
05107,mpio,Briceño,-75.56490046652242,7.110452631076573,05107,05,5107,Bri,briceno,0.08831596542769292,-0.07351323187057728,1.349211805664174,1.00538617132147,-0.9470874797383815,0.21475964953739354,-0.42306557259444494,0.02266861389614391,-1.6825162382513266,-2.3287054537576592,-0.5393284149166744,-0.7175330706818953,-0.32664744680342267,0.7136658987537606,-0.31271510488176696,-0.7585180356209609,0.6180888806450948,0.4955781883045008,0.15405641559865577,-1.3718006930663544,0.9349436673942599,-0.2589973375612672,-2.6474173039436724,-0.9075849340827066,1.089657603290319,0.3410871910552212,0.13868205342758821,-0.028232139146753838,-0.5117658207982236,-2.7925195648795973,0.7929558480366607,-1.244441987613341,Transición
05113,mpio,Buriticá,-75.91248836264813,6.809453076648512,05113,05,5113,Bur,buritica,0.2609550963616237,-0.22794194476370977,-0.06706417773915835,-0.22576943451823459,-3.377657438923358,-0.510016958873557,1.082213632345415,-0.40119850894916437,-0.3897925516274952,-0.8645285908182092,-0.8738426507528184,0.13061910985851072,-0.8765672711651745,-1.5615248558452701,-0.10067130212269704,0.27106758846910894,0.9047785330209209,-0.7144703899561382,-0.20375695521207324,-0.4216440142554943,-0.6933026217107597,1.3367515379342043,-1.4915552700551848,1.139670557503972,1.1566015345018021,0.15881273845416957,-0.7526550607921938,-0.227134376578655,-0.5225118939719053,0.15417720093146547,-1.1143284976870138,-0.4430127971174851,Transición
05120,mpio,Cáceres,-75.22433705064566,7.665837684237721,05120,05,5120,Các,caceres,-0.10426747094189741,1.3594841652632912,0.5241023081842991,-0.12652622498617472,-0.942115861655213,-2.0867674815019712,-0.3661238166794675,0.058648106018217516,-1.2456131568437023,0.2911497363944227,-1.109697098430354,-0.11724329704450698,-1.2643288059308615,0.08684636608322034,-1.3029427710849113,0.9321981633918093,1.0176043938651937,-0.7107365791597418,-1.133674891309094,-0.9598419617227539,-0.632482212675471,-0.03862789514893609,0.31442760094205635,-1.5316819523669007,-0.08292861808394573,-0.9099488874430022,-0.20889125467646888,-1.2945183871750146,0.7501257861207627,-2.1927554660550332,-0.8123303204505697,-1.4827720366849686,Vulnerable
05125,mpio,Caicedo,-75.99308115459601,6.42100735120007,05125,05,5125,Cai,caicedo,-0.15240401780607993,-1.7243717917352677,1.1366930489579248,0.4265551338180508,-0.4753212341302087,0.10315454234159625,-0.9678226887652713,0.20889994099126305,0.3923339941775118,-0.5934267354421107,-0.29060068790231414,-0.855081349677379,0.17685744349458182,0.6816737527145654,0.19504899143516222,-0.3892034609255873,0.5123288540778217,0.05678386076338365,-0.5597376676626501,-0.24162179824956243,1.1217442031066398,-1.7030800233646755,-1.3760520666347436,0.5332099972346587,1.734893459663522,0.5237572865855181,-0.238786838895392,-0.8061725049307933,-0.5409050423851799,0.9409585349611012,0.3571054398886581,-0.5263750596726819,Transición
05129,mpio,Caldas,-75.62741770351639,6.053784062121476,05129,05,5129,Cal,caldas,0.44349605346951265,-0.17228200697230714,-1.8933113526465044,0.7004613350944693,0.6064079875439603,-0.8978785963052078,0.8889197914091211,-0.8364713117090401,0.6270378685713032,-0.02522501467696819,1.0429614692616576,1.2956723765576148,0.035369578850620406,0.5488696883253174,1.7767610985897635,0.4586494203944054,-1.2808085776992588,-0.3573501182440529,-0.26946569794796194,1.6115537181451196,-1.3475218323186886,0.5338707293505246,-1.90643017260346,1.1799354947462406,-0.5483818120478607,0.48262710689294985,0.08178876347828455,-0.8456519893604347,-0.1357246895112541,0.43714181224438065,0.42739851875450224,0.7724061160046177,Consolidada
05134,mpio,Campamento,-75.28881522501538,7.037716156016605,05134,05,5134,Cam,campamento,0.41328374130332723,-1.7931425311492106,0.9329848646430672,-1.4981526195997934,-0.6650591143252972,-0.6305976234832443,-0.919153825080245,0.18754173092018975,-1.2032872919895126,-1.8761614353571483,-0.3977688057033719,-1.2180033369168901,1.0023031374687628,0.7290860293777234,-0.5565205119426246,-1.027336200018712,0.8919081072801686,1.1145919121016044,0.20754671321895454,-1.3722181070865065,1.8421146837592175,0.07053916096772754,-0.6749228599353662,-1.1131036896652828,2.2818178883232294,0.10989502940121611,-0.8513475525850028,-0.3291989519982283,-0.8898538484865838,-1.1337813685795965,0.14085836967727855,-0.44801275237045923,Transición
05138,mpio,Cañasgordas,-76.02658521349967,6.81288679781354,05138,05,5138,Cañ,canasgordas,0.4234389842994408,-0.3679182081219082,0.855585756686463,1.6503159085328931,-1.4537689880196536,-0.31984016979486796,0.2717179430203865,-0.288704825677527,0.07415365946408994,-1.1720018361005966,0.12404381794560491,-0.07667339892886225,0.289866575256888,-0.8862564072618435,-0.6196686714380002,0.46700286747101516,0.7683968676024832,-0.08644616809998816,1.0078132064584782,-0.29204943705545094,0.5823130373099018,-0.4305439209724773,-0.29056471733954015,0.3970554617232254,1.3723880048340473,0.4916667151152683,0.23147196045003163,-0.4647078112312986,0.07720067605751468,0.3347307434166306,-1.3083796161996706,0.3617383237606473,Transición
05142,mpio,Caracolí,-74.73366777567848,6.336162250890057,05142,05,5142,Car,caracoli,0.3929732553111001,-0.43543634664972647,1.122340438215571,-0.70908625304498,0.9748390353775311,-1.0446289557441533,-0.9491846492746673,0.38826744693810367,-0.26469793275679904,-0.6386132812373884,-0.9094043937507887,0.3628961460280112,0.6222308800130144,-0.4022781223895435,-0.8910284046702949,-0.39798614879642213,1.2944680876995855,-1.5078246768391643,0.0050220635663470676,0.29055576769748,0.2966745016470036,-1.398239133333504,-1.0477769075352992,0.1344768854411529,0.04003177221423388,0.3626838751189023,-0.19378334394847596,-0.12514967205124394,-1.6549009919773405,0.9669420792523004,-0.46406487349510733,1.1386246489963612,Transición
05145,mpio,Caramanta,-75.63239525845898,5.555918217498725,05145,05,5145,Car,caramanta,-0.8392830655906275,-0.9094389989370661,0.5111766225289865,0.5058222078955316,0.2180434277960285,1.3425278447920332,-0.09035635233177867,-0.27115639688184695,0.21392012534386,0.7376949367584518,0.3498608423407679,-0.3875284830404868,1.2802897540450295,-0.3101517766706291,-0.1769869659020587,-0.6258190572059397,0.7277453509953403,0.050505999010322766,1.5173998581310957,-1.0201772237763853,0.7979102318893195,-0.6770481686821417,0.7260176472107485,0.44232374440509054,1.8610521251550616,0.560402222742047,0.6122782335766909,1.6078516238569815,-1.1591447390621314,1.262028509945484,-0.5140339910237526,1.1486340198743548,Transición
05147,mpio,Carepa,-76.65715946423613,7.788864134813334,05147,05,5147,Car,carepa,0.36250752632275945,2.6521655825268637,-0.38955499698947393,-1.2826773266207634,-0.15378996889352375,-0.3416802316594181,0.09052509325182026,0.023692988250209657,0.07028744311568264,0.28446187784045307,-0.44295944559085537,-0.0629728882631826,0.059554323038731774,0.5929889318191077,0.7800441813661412,0.5031664004372073,-0.6453626201978752,0.7931536436209495,0.9617398588776441,-0.2587427535305098,-0.24598031431088882,-0.8521535955967616,1.6010287304510655,-1.225790556244143,-1.291070325479745,-1.0979715038827282,-0.1781331297135999,-0.31392044603415287,0.711576178392234,0.3786941244099593,0.621935646142583,-1.8152992468469342,Vulnerable
05148,mpio,El Carmen De Viboral,-75.26349613727776,5.978210403191516,05148,05,5148,El,el_carmen_de_viboral,0.35581492590839414,-0.9506137470237968,-0.37276779345391575,-0.5696691444929654,-0.6466707801021823,0.2984839079503673,1.2973430314593233,-0.5649745338091231,0.657524550117804,0.6171830573151178,0.3611432864025188,0.7354152373080499,-1.6996205766292016,-1.766259700036685,1.2334643540931474,-0.32671332111375284,-0.9130313959193697,0.7223525788127774,0.025986144435971602,1.3331874078438675,-0.3181018333751832,0.44597164343523543,-0.5512238730100303,1.3622061840748871,-0.9402999646342857,0.5628464037328759,0.734657951518647,0.5374821773286464,0.1310162936213558,0.2195404636194832,2.0085631576582834,-0.3025493929608352,Consolidada
05150,mpio,Carolina,-75.30756604138291,6.754026933485864,05150,05,5150,Car,carolina,0.4234389842994408,-0.04173149536237311,-2.228762893657452,0.4195355098843114,-0.4537544291111765,-0.027790739814263606,-2.9025822173462204,1.166828874530753,0.6489927079408292,0.7947842074064121,-0.23314031484215633,-0.2746410197852649,0.4691639712242027,1.1454811498804192,0.5975844108083198,0.4248821540495438,-1.4897055260840968,0.5765794069984075,-1.1593532134649376,-0.265213408420652,0.9151661584501931,0.7411051127680177,0.5803348717675981,0.045130622480737355,-1.121341066302385,0.5436744380884825,0.19993288624408115,0.5088690459619586,1.5679077191795452,1.5251450778390054,3.056942539512557,1.7012854521796419,Transición
05154,mpio,Caucasia,-75.03518926247135,7.868438265094053,05154,05,5154,Cau,caucasia,0.4031284983072136,0.051605762477104335,-0.09889786035170506,0.8911392109673703,0.4075336230286619,-1.5626459185114652,-0.4945021555244142,0.00788663560208184,-0.19532966317388048,-0.26867252802279257,-0.5589696588283165,0.8429245705952177,0.40128400359829364,-0.15411328603674565,-0.3751678354589815,-0.27983500457634286,0.16664218294289548,0.1096716553252982,0.06091479308331657,0.5062969022106159,-0.831416267008283,-0.18576265149322055,1.043208386644984,-0.27570395409772047,-1.1546683177282882,-0.997959860188002,0.9154077439160843,-0.12370002614562665,0.7809721186495131,-1.44335113029746,0.3864194653602063,-1.3492300522602607,Vulnerable
05172,mpio,Chigorodó,-76.6404373820565,7.631141978637091,05172,05,5172,Chi,chigorodo,0.4234389842994408,1.1489717468066192,-1.2024649745722,2.414993201162407,0.22736990794373102,0.4831582126387432,-0.18967508301447816,-0.0642853257645637,-0.1889917106831644,-0.7537405124011594,-0.8438987322240128,0.3508243891618108,-0.7749068355448703,-0.21603558744575488,0.096024532356547,0.34218999556804053,-0.20462850183856876,0.5946185648382059,0.21590072940522614,-0.8952532522440189,-0.8955848483573816,0.03857993709017604,0.8113551242303677,-1.293152959973795,-1.5837536745538976,-1.532989660121242,0.3339433481417393,0.2598526307611701,-0.05356444705004868,-0.34193011442169124,0.08275642505641125,-1.6801529679583571,Vulnerable
05190,mpio,Cisneros,-75.08272207407506,6.553239924643066,05190,05,5190,Cis,cisneros,-4.197196578932235,-1.1213419386450192,-0.43833043021267115,-0.31530534436208274,0.5720793587434521,1.389340520343101,-0.06272001833076486,-0.05008233617752327,0.182708556879083,-0.46654735130024666,0.9905130032090561,1.59386602761409,1.7834029625973982,-1.6399551237267984,0.07085746572885498,-1.083501310203042,-1.5661776856822565,-1.6383516076527507,-0.3173744259309897,0.026144022836700576,-0.5195073489452281,0.23576713529708246,0.47422796033322273,-0.11349143308136642,-0.733505032618923,-0.002650097148763785,0.07945428892719975,0.49818224030135816,0.7900488283515287,0.15906880855233843,-0.48599776434542996,1.3044508798707128,Transición
05197,mpio,Cocorná,-75.16056248711166,6.007250850943549,05197,05,5197,Coc,cocorna,0.3121453925882998,-0.3083515860507726,0.034620332158221995,0.680166227192429,0.22275857426451953,0.8188105973708661,-0.11116019863369205,0.08211268760325816,0.9600976582921187,0.28368133863221506,-0.09674052352845475,-0.042487516845331204,-1.1235143028469765,2.628594410353112,-1.0874208313315243,-0.26224394348146296,-1.2254207813396127,0.158916772855219,0.04099964308741944,0.2338664686326815,-0.3111611619785093,-0.4085020893659743,-1.1070533051932971,0.11818179544551478,0.5568225421653712,0.4128480941130252,-0.30473000375393783,-0.01705901255259342,-1.162823906603097,0.3121277604925298,-0.15496324776735165,0.45683953365071484,Transición
05206,mpio,Concepción,-75.21726770174642,6.377813571282332,05206,05,5206,Con,concepcion,0.35235228332664587,-0.17686722321073026,0.5210561820679751,1.7912259675446671,-0.9953076541964445,0.020151764174726475,0.8647597959130541,-0.4271988583701966,0.8616841465063335,-0.037394373424795076,-0.5447176806484791,-0.4933673509417125,-0.15987510920166487,1.8182958182561235,-0.6673150355052102,-1.2685644032670536,0.5052971603549656,1.4975596164939693,-2.0296843533260875,-0.2144674065623436,1.9328720984020011,-0.62892280928812,0.20798927686127,0.68578184133289255,1.3531993691957036,0.5450708467451078,0.23435481505649683,0.9959775780974415,-1.2738733249240002,0.9425891845980632,-0.41380858134013415,1.0910213556469153,Transición
05209,mpio,Concordia,-75.90024563134448,6.056953337209619,05209,05,5209,Con,concordia,0.4234389842994408,-0.1760112260782891,0.48132649861108284,-0.7199854668322158,0.6771009961921732,-0.9038744817585916,-0.23152370631629005,0.08356193648876543,-0.09139429397085486,-1.6908927299559517,0.810344705256901,-1.183740183180647,-0.14942837933847608,0.10158947499291596,0.10957672579200191,-0.6876788057778339,0.8274679960792842,-1.0357104141484563,-0.15234420911850902,-0.43872515522922884,0.34281808271476205,1.9448480078074546,-0.46821822233630406,0.16367091061844274,1.323165696452515,0.499062915869412,-0.2936748041896574,-0.6171724452089237,0.5485832339959749,0.04313950859433922,-0.47128879638370647,0.5565331292448478,Transición
05212,mpio,Copacabana,-75.50078768363375,6.351711758645678,05212,05,5212,Cop,copacabana,0.20852441921796983,-0.6532842588182062,-1.4826124980631576,0.3157689786314148,0.4392794880227828,0.7860760500253808,0.828004211894483,-0.7667017072309977,0.3751755701838282,-0.19780356478896982,0.7476880909065806,1.9825998235426987,-0.24982266382421733,-1.703470135748558,1.7418847656156327,0.033559940052622105,-1.5444499334896655,-0.007785044417673537,0.5908286406582118,1.6194749962189807,-0.053660121957336694,-0.41413170244799974,0.26763833515397717,0.8174218919815035,-1.2358281832358164,0.5320085495057607,0.6748851004817026,-0.11741327663772377,0.6803370739228306,0.496690716019581,0.9189157785663337,0.8589229981041203,Consolidada
05234,mpio,Dabeiba,-76.31485465818015,6.992815188030559,05234,05,5234,Dab,dabeiba,0.38281801231498647,-0.6653565946835901,-0.4680350849125581,2.3108370711420694,-1.3363910885694799,0.13068438523491865,0.11601821821450943,-0.12447584410245614,-1.6309694783520632,-0.8041595064848552,-1.11804674922516,-0.39432689090691647,-0.1308429131328312,1.1336633502124311,-1.9287894720295464,0.8111178817871932,0.6199921940924996,-0.8085091536932689,-0.4621085655651928,-0.7895069946848517,-0.9907727444354941,1.3143339112249246,-0.511498979375548,-1.794935702996747,1.2270515501925001,-0.5447530729084641,-0.3435388717656834,-0.9289546526758776,-1.0843892754078779,-0.6419716905134981,-0.6435331382632246,-1.1624839781518077,Vulnerable
05237,mpio,Donmatías,-75.36443323910986,6.505640968190662,05237,05,5237,Don,donmatias,-0.49465864285453276,-0.4015565594224626,-2.5680047823816565,-0.4068447047478258,0.018414199076988318,0.22673289356159324,1.193791737047757,-0.48319149787448856,0.9469716594925882,0.0016779290291719469,0.7886009014621976,0.5857299973059903,-0.05345600375032806,-1.2125832644488161,0.7296244054249689,0.5568369774682932,-1.6381872229857184,-1.9829692902306877,-0.8085156722433737,0.08475956622982118,-1.585043690497099,1.1371887222821235,-3.378910429378913,0.6336826786073512,-1.3993371386426257,0.5220215524612513,-0.33381780636848896,0.5957481019916875,-0.5819640447251709,0.7724951806999111,1.511523205136895,-0.07742018276719931,Consolidada
05240,mpio,Ebéjico,-75.78360947492115,6.327813263261843,05240,05,5240,Ebé,ebejico,-0.7919775828225131,-1.2187771009453792,0.2917025154762354,0.005504917810163158,-0.29052971039616815,0.19017201092882405,0.0759840584824534,-0.06293231026979408,0.9567424890887108,0.5790324204476486,-0.2244186757346618,-0.511075699033647,0.17909999794274511,0.1478778196288181,-0.9107092987238288,-1.073250776372305,0.5761496196587232,-0.698029259909267,-0.9793049212159777,0.23736310258073248,0.2703814428636333,0.92984137035668,-0.1854719467388599,0.918860506584619,1.0680964809962692,0.4909635066340681,0.1020385350512689,-0.572242619065383,-1.2721864357171928,0.8376446369837912,-1.5902132219357605,1.6387986591033112,Transición
05250,mpio,El Bagre,-74.66358838394656,7.702429952952268,05250,05,5250,El,el_bagre,-0.29437499542430534,0.9661983181967937,0.6609789381056093,1.4555864486398282,0.10369407701114358,-1.6664074823070856,-0.1819933754189766,-0.08764190056196144,-1.6376332437871972,0.4246778171599443,-1.1025818306449797,0.5975536286837799,0.017415125520626525,1.4453885578589805,-0.7735403139636692,0.1049492058644704,0.08740197316028919,-0.42787198677836213,-0.8498012388504163,-1.195112468924074,-1.2923112480824344,-0.7651680860708708,-0.14486609566883635,-1.3066369724214282,-0.5142649635008758,-3.6113590775826223,0.36308459746827104,-1.2665249330666974,0.4995164757292664,-1.2882167237204751,0.09329244232945202,-1.8332733382397308,Vulnerable
05264,mpio,Entrerríos,-75.56045049867288,6.594134234233711,05264,05,5264,Ent,entrerrios,0.05537947025630653,-0.232356905521389,-0.04509931399737559,-1.5184288652256133,-0.06374027611924774,0.028627394576962055,0.37080028444987745,-0.056099948217053476,1.1643341467671413,0.5690120686999913,0.31386635644686245,0.6042498130695657,0.030094682901029384,-0.932389740239728,1.0949248451258529,-0.5931843066935156,-0.49426034801780555,0.6715845765523647,-0.2918013653371981,1.2667021976017043,1.0279233110206525,0.1562712879824411,1.2713638959051032,1.1066692981677009,-0.26318476589675427,0.5393382161936447,0.09304360231507483,1.0012172367177206,0.3706684628491785,0.9278294269176811,0.3816379094538753,-0.5790684254232036,Consolidada
05266,mpio,Envigado,-75.54426721678229,6.153270262995447,05266,05,5266,Env,envigado,0.3268181333762034,-0.6692950423780688,-1.512556432782333,-0.5036841070635143,0.904170622345323,0.5262850823812921,2.1950371725099775,-1.201822338436318,1.3298141804057813,1.085107862151477,0.2536328768420202,3.022367176001726,-0.8424548731520254,0.8290671596956762,1.7757165597430975,-0.27367937961918987,-1.1831335506071654,0.9021551710785148,0.7638797294880006,2.4784769031821927,-0.24177610353131915,-0.48614095685887626,-0.12052670238326223,1.8526310462855518,0.026897834700138866,0.5637889064229904,1.2968120333324265,0.8536371206957047,0.8115353287872105,1.0925992432626777,-0.10799681162224647,1.5800065669829917,Consolidada
05282,mpio,Fredonia,-75.68145870885463,5.888382462775554,05282,05,5282,Fre,fredonia,0.5599211073104724,-0.09897093042030988,0.1500515303404649,-0.36042198198481296,-0.27208182898561245,0.475917005535322,-0.40218646713325457,0.17409653758775331,0.385405588822196,0.3957791651794465,0.30450944815262715,-0.8909609616511924,-0.3074997396507152,0.3904650061361404,-0.03195141887661016,-0.6081292542974371,0.36920899123869483,-1.6846693884492643,1.2220550774388703,-0.2117666989398058,0.658434989285121,0.8132788306761837,-0.04040722930314319,0.7569765119247543,1.1335881021319416,0.4873573739357119,-0.3215542642459125,0.1467551054499697,0.3405822768990844,0.5037231051344743,-0.6193295857743206,1.478725856808807,Transición
05284,mpio,Frontino,-76.3325917162759,6.690682802173942,05284,05,5284,Fro,frontino,-0.3344392000865529,-0.7640332681189583,-0.09216948801045954,0.8436286505442534,-0.12138367533482376,0.6952998221490382,-0.3278344568060582,0.16963084050183244,0.2069430792752766,-0.6489733247762615,-1.294870968189661,-0.04930214514366578,-0.14403393296057806,-0.7120542557665317,-1.332253219001252,3.33171916622347,2.002073706868442,-0.669020116577843,-0.25204080330337686,-0.019230462159818468,-0.4238824121723415,0.5222036737389252,0.10377870152062826,-0.038657046328741375,-0.3078544181352074,-0.3983014840250638,-0.03776177020520054,0.19335654408977068,-0.16000183495566014,0.38926555404182206,-0.701693230471333,-0.6519366553784968,Transición
05306,mpio,Giraldo,-75.94895428046208,6.663139482964665,05306,05,5306,Gir,giraldo,-0.09024986150291169,-0.9735268086003448,0.8249223818760113,-0.6614793409292195,-0.5904917266954188,0.18899536154490632,-0.3006337433025279,0.021701212117802553,0.6873283845281563,0.2531835006193749,0.8405529242699968,0.9725548796528762,0.07692184880782037,0.08049462192928329,-0.43236106416609615,-0.11211431212671846,-0.64957438317559,1.1584497514543677,-0.6414192827484009,0.11863390919273821,-1.8979829068394138,0.2156855161420864,-0.25674026718873,1.4793957337013177,0.35473428531478296,0.5025674566038957,-0.5199069828221363,1.4849717149335668,-3.350007187703518,0.3328171681783956,1.2744189134368384,-0.23186753492567086,Transición
05308,mpio,Girardota,-75.44547717784441,6.380937720313014,05308,05,5308,Gir,girardota,-0.22285780192153096,0.24222423546143929,-1.8555132870536648,-0.2097643581536838,-0.46052229693796615,0.42028180197303283,0.535324290470207,-0.550387199413111,0.6888987302019783,0.1391490543426922,-0.2514776451064171,1.6547630893856689,-0.5823776461051873,-0.059886397316798005,1.5987956460541846,-0.04564289824062003,-0.5627036855263503,-1.6990927705404781,0.3560453622410206,1.1612003172277112,-0.2819161759907731,0.451647244260952,0.003668731118581121,0.9070673706647593,-0.30464857957403513,0.5575104497039676,1.2365884710810364,-0.3972594959165711,0.03575257720121678,0.45794069938455,-0.3471044061059409,0.5989326376597255,Consolidada
05310,mpio,Gómez Plata,-75.1922196847316,6.709320350591201,05310,05,5310,Góm,gomez_plata,-0.8169089699052716,0.8235358962604336,-0.7785836076355196,0.287027017692896,0.49713144710432333,0.07475323540078876,0.028441703928267465,0.036394961533617216,0.3780647360789648,-0.019644357023431078,-0.6762658452974558,-0.03611974094424908,0.12307055363750352,-1.2887952594078236,-0.30812198512599215,-0.6552132318015285,0.7724305228131232,0.6009402743290368,-1.1115540945399869,0.6902325689215882,-0.07885094967573013,1.3985962730666195,1.6221591957417416,0.3871078973931776,-0.9303411778365698,0.526929621998492,-0.2128322915510864,1.0137010118364354,0.19221622843918443,0.5766702652796416,0.024106075716495784,1.1292749576684327,Transición
05313,mpio,Granada,-75.12679556191235,6.12243422302496,05313,05,5313,Gra,granada,0.31173131134219156,-0.3425003007081949,0.9291851785777391,-0.025664630137428916,-0.5571603310107851,0.2660517310460166,-0.6571866770160041,-0.051825072446058926,0.7578825014818129,-0.37197671504258323,0.19499595789815397,-1.6264115207308263,0.1362269626873578,0.40470879890354894,-1.5682273847947443,-0.7872686110294822,-0.28208334045979544,0.258271856310765,1.5562808629498537,-0.45772158996688117,0.6789632023810596,0.22327176895423598,0.06324969943051768,-0.6300952816746117,-1.2578871568611285,0.5196769463425692,-0.39161311186700154,0.4266167617869552,-0.2485484825631024,0.03357575617305221,-0.8810418198948072,-0.07073256843166315,Transición
05315,mpio,Guadalupe,-75.22530621962781,6.861026442399097,05315,05,5315,Gua,guadalupe,0.4631814150999419,1.5610057609791566,-0.982749586356856,0.1951017723972603,-1.8390349683952223,-0.9584964676874671,0.07589616766270846,-0.17201057865556815,-0.0441566416829402,-1.6663199850423385,-0.43342020654817287,-0.8667470567867358,0.16137502180372926,-1.3627714340409134,0.42704577289143864,-0.501474130604684,1.2642118473092117,0.9449870621603534,2.4775746293476137,-0.25576526328415183,-0.053264350548546203,1.490834155403184,-0.1706470970007445,-0.2950127360971242,0.3971446373587546,0.5086962842736416,-0.1819770447968548,-1.6218499847131176,0.9003516539478056,0.44182035331225694,-1.0535812437878576,0.064444165579804355,Transición
05318,mpio,Guarne,-75.43763944108595,6.267760690627175,05318,05,5318,Gua,guarne,-0.11563571374874682,-0.5402781273595731,-1.1094345040244638,-1.0341145186091292,-0.027518947743094244,-0.42380954319336417,1.742652444592068,-0.9299877409780822,0.6145542395292711,0.62002943412419,3.0112790447099953,-1.0340486269921945,-1.417428188319468,-1.153826801452978,1.080999386964129,0.04677695606215357,-0.9165259890284809,-1.0991341906972802,0.05618197946017036,0.9815882386242599,-0.10552309159111864,0.7342643523379917,0.06941136844200574,0.7888978579794984,-0.3402141537157746,0.6742770223226823,3.4737440608312617,0.6496345107558846,0.41279045891573585,0.5324278658580187,1.7478239372033404,0.9242625642788581,Consolidada
05321,mpio,Guatapé,-75.15906120952536,6.244397081847873,05321,05,5321,Gua,guatape,0.13614615463200774,-0.3197964500097654,-0.561155338790048,-0.35392514604990866,-0.03220255571236889,0.5536908911948877,0.6804509937093368,-0.07785258568703488,0.47341483788615957,1.3558368954563238,1.3817968726693655,1.1823472625104656,-0.12170692015984087,-0.9441090945474343,0.67405315619667,0.49965533316231436,-1.9418832653755183,-0.07089616461970298,0.6357985893022683,1.078025782297043,-0.38748720951213045,-1.0070124871824007,-0.1651035042359393,0.6449891317536705,-0.16630057480859597,0.4797209023251419,-0.22157034569687525,3.031169374090165,2.3470568303361987,1.2728608539679822,0.7925581830504462,0.9108207766286182,Consolidada
05347,mpio,Heliconia,-75.74849458320183,6.213585984409352,05347,05,5347,Hel,heliconia,-0.12159205636413348,1.3505851946636118,1.5524401049914325,-0.39925892034699556,-1.385669922071294,0.14319522667394485,-0.9691144070496618,0.2685200612409441,0.5769788079705682,0.35608597290811267,0.22833555953740722,-1.0600625720882315,0.5686464053727125,-1.2865495921610426,-0.06170750129604065,-0.6908968304157543,0.2653424554114516,-0.1796002385726042,-3.5374925743383803,-0.03590967678202722,-0.22471924727174641,0.5677911342143539,-1.0783513292378966,1.0837783120998465,0.7539679484553237,0.47898950482854746,-0.7097634908968588,0.8340220456905296,-1.1273481510599659,0.25212166270613656,-0.18781192797238994,1.3554641864818728,Transición
05353,mpio,Hispania,-75.90414133833437,5.793765480968364,05353,05,5353,His,hispania,-0.021467290292293512,0.9500550122990994,0.7725137576009251,-0.4955605091351224,-0.3562029927075083,0.21365926409332126,0.4199384053318189,-0.09946524718754658,0.21088512747069463,-1.7328201578691096,0.30021250384934006,-0.7106841733149378,0.26867729159230985,-1.5575997205873269,-0.20089354913576127,0.4246053506238196,-0.37848635619185056,-5.09114105656235,-1.6364715934659768,1.3440229156249064,-1.8892550069349248,1.587030302313828,-0.34180753231517436,0.11665575536837605,0.7013843577631398,0.5281076654580706,-0.1837931360637899,2.3288871216039575,-2.2314846798827173,0.2294505319662468,0.15075135322713315,0.743937893588477,Transición
05360,mpio,Itagüí,-75.61545770302317,6.179161031636978,05360,05,5360,Ita,itagui,0.240633958592716,0.043988438611263586,-1.5017003346893132,-0.5784918871333635,0.9155713506066162,1.3951161409900865,2.4841110365735766,-1.335422301040694,0.8821005126597994,0.8395890142115956,2.6792514908709895,2.1904116557404563,-0.25067231003923685,0.38342383300120564,1.9927039543425198,0.05592299656251606,-0.9881617369540906,0.10973048391599705,1.00768167905824,1.5786955923275001,-0.3357835769895905,0.03003510023117519,-0.29748770190815504,0.9439717025906015,-1.2641813626776865,0.5047856560486392,0.2022224671804997,-0.3736248117829244,0.33511753037650255,1.1621698307996402,0.590454720075801,0.2099837800201753,Consolidada
05361,mpio,Ituango,-75.8492761465263,7.303221226436189,05361,05,5361,Itu,ituango,0.4234389842994408,-1.389334885271364,1.4399741306956755,0.5551791565961903,-0.865426485668262,0.5513578977486087,-0.5290174154738255,-0.011393309886186092,-0.45712436863550604,0.8716574053819612,-1.7871674232455912,-0.40178325140861026,-1.0186210819061776,-0.9416808751109632,1.0675034879700762,-0.3447125037580406,1.236721174689763,0.020560351416225028,-0.17232448461039665,-1.0330349162293475,1.093726195033729,-0.09528693379509023,-1.0604849915930195,-1.00231357006871,0.4435330726931411,0.29743498730737983,-0.4070464856569847,-0.6855484122130605,0.6450781770554854,-2.1895685737824433,-1.2472508693582565,-0.6804169416369087,Transición
05364,mpio,Jardín,-75.819185587939,5.572321859802075,05364,05,5364,Jar,jardin,0.47142464990085503,-1.1596200898652222,0.5811111519245773,-0.449537490001716,0.16170244548719945,0.7274113329714055,0.6505575177819662,-0.21089277649955476,0.7447935716483405,-0.11235551527178729,0.4560472167451207,0.37539671303321787,-0.16857005623335186,-0.7845131009426293,-0.13989296690682845,-0.5901229680277108,-0.08242606387578272,0.9822946700501919,0.6332902192287518,-0.06473249622349654,0.15506834447792944,-1.0547842439894761,-1.1530749400319253,0.6907834273482887,0.23667084495010823,0.4873919960179481,-0.25219849456898386,-0.9301406679838597,0.10348300889910061,0.12254694490377599,0.36727467004923775,1.0276388636656044,Transición
05368,mpio,Jericó,-75.76652053319022,5.769306937190637,05368,05,5368,Jer,jerico,0.10441289702070389,-0.8078794806513353,0.8968366465669353,-0.15546511679247466,0.20150527064490273,0.4717224941673151,0.49518034522967225,-0.2547733027478655,1.019113780145382,0.5282641684376802,1.3113459648908634,-0.17736731077644283,1.2042192536669127,-1.171733975338597,-0.24906871041239964,-0.1477955057289774,0.37993698126641495,0.77528714005698,-0.5787429811702879,0.22577741839320759,1.144797131696411,-0.4186773610215218,0.9466518936701734,1.2008881288712963,0.9444677293317486,0.5053829298130711,-0.28906770173387225,-1.040992526011258,-0.5595043687416645,0.97804911863163,0.32252715476581756,1.4929639015465395,Transición
05376,mpio,La Ceja,-75.43030891759122,5.992683613466378,05376,05,5376,La,la_ceja,0.1057982927594992,0.031712238939399125,-0.6217016970426547,-0.10955618775855423,0.19141462450893595,0.34408149899261586,1.8309617800151328,-0.8704657824828878,0.6474210043873007,1.0278731672311834,2.3204113232356818,-0.2091829661005325,0.005039612327854191,-1.2500561392295257,1.3127142481441412,0.11271623391334382,-0.7205029662292111,1.308361824367727,0.3559328633594449,1.273579775288657,0.10128815265698289,-0.8835462330015534,1.4272865740496798,1.5409917823781156,-0.5785801480151801,0.6473328336898462,3.045221053948666,1.3530657645619892,0.706483078270037,0.4737295688449639,1.3803044140799556,0.6345541569779589,Consolidada
05380,mpio,La Estrella,-75.64810139058127,6.137991524064695,05380,05,5380,La,la_estrella,0.3495973948858376,-0.3866232455469918,0.10989847053989982,-1.591433590627128,0.22405338458923957,-0.11476212509261925,0.6100794817636118,-0.8722254258692848,0.7074103988488539,0.9577737902313124,0.31122476468184496,1.9819217485698115,-0.602839295513105,0.35167802398435616,2.1359301321829935,0.9261910792722089,-2.799084063162949,0.31023493126155305,1.029358337896933,2.214533071622536,-0.9700096243310103,-0.7495468059796273,0.4802616116194637,0.8894241276638439,-2.0546110807720943,0.45619990310698244,-0.5523795259463992,-0.9174599709233661,-0.006619167562474984,0.9747068316417203,-0.08400511391582484,0.720797668901848,Consolidada
05390,mpio,La Pintada,-75.6012489362065,5.744742604571764,05390,05,5390,La,la_pintada,0.1797131523927151,0.8353724728815247,0.1464208422066275,-0.7584218789607603,1.7777852125280775,2.80318936990205,0.4616041627214978,-0.05831408638309374,-0.8722632403257465,0.4210700974308355,0.8983147552544081,1.7558752553894938,2.321334042408706,0.31256368164013903,1.6687457953109526,0.3440702014754301,-0.24386660059537915,-0.014572723112823508,0.7036830456056113,0.08037495522196615,-0.23494874455879028,1.0106095579473284,1.3426388042018247,-0.8162019333447931,0.7922627279203639,-0.338464067999335,-0.05960896756029447,-0.1646157749744009,1.3302542256998817,0.3770951147746923,0.3885351638970957,-0.36128692997876666,Transición
05400,mpio,La Unión,-75.35545202261368,5.939623738785881,05400,05,5400,La,la_union,0.03841996425102672,0.11261790158614572,-0.009105800865220141,-0.4735930939024766,-0.24739517436941935,0.7283857407617721,1.8989193245076317,-0.5833537813999558,0.6524981292445905,-0.24317241519108634,1.1084930573207352,-1.3817211564926455,-0.5416899846762377,0.7496410769169557,0.9760661329256621,-0.010399506705741616,-1.3732561614565917,0.16792539000576764,0.611346091137204,0.6582039444022516,0.7618100518798344,-0.6616370176027997,-0.8116728963385574,0.44030479647561016,-0.452176666621217,0.5095143315542847,-0.3436073913561394,2.9749074885078883,1.0850936126693171,0.3527436903669233,0.4379838735935082,-0.13994473867963925,Consolidada
05411,mpio,Liborina,-75.78253022419172,6.724089512176238,05411,05,5411,Lib,liborina,-0.8233110742499758,0.1359373714361112,-1.2703276253123439,1.5781602191634096,-0.719470858555535,0.20467281857847575,-0.38561166760731125,0.10138784429765264,0.23216436477047983,1.1708913616300587,0.5606114598323612,-0.6655453158745522,0.5627548515406096,1.2988534398629576,-0.5811882245315639,-1.251471828583436,0.36326432162148836,1.3517424421171866,-0.7183003057524523,-0.0488370617093593,1.1269369171247396,-0.9385494827020776,-0.09823996587932976,0.43158617381135467,0.17945827942776346,-0.327387348335,-0.06409234201200413,0.38661134004874137,0.2537033449919903,0.7912127941253345,-0.9189997733213917,0.7958966831551745,Transición
05425,mpio,Maceo,-74.71442904580445,6.534391550986349,05425,05,5425,Mac,maceo,-0.07241634621476144,0.11625727416132396,0.02201386043928027,0.765622900516326,1.0190654008820434,-1.1647897969889456,0.6867721996033677,-0.28212548493155454,-0.5866638248158179,0.2800803581538331,-0.031828616334837086,1.1064580402209074,0.9114354703296745,-0.0886186642300397,-0.8614599748869601,-0.21228869207232096,-0.1631611500551912,0.7348850729445272,0.972359654077737,0.47935850409380676,-0.005252953338707775,-0.045377516459065736,0.8211711356374098,-0.4640469076015817,0.1569524289690607,0.3436966291730186,-0.10059304528082523,1.4253726606149233,0.3232572750737901,-0.5085507740487493,-1.548575812276752,0.25223723614279336,Transición
05440,mpio,Marinilla,-75.30769061033766,6.181693631225957,05440,05,5440,Mar,marinilla,0.5414783074640582,-0.41593457269985323,-1.6757411534418436,-2.1901014231821834,0.5851096788341109,1.0935915631055029,-0.34613736018181235,-0.12675874431912462,1.1103749322269034,1.102944192448859,2.699037211392344,-0.7855041735128276,-1.15824815635028,-0.9243959515252734,1.1621856146643892,0.5948120342867804,-1.244913102793084,-0.44549067230759976,-0.03804481153302089,1.0733250645420436,-0.05529777457882859,-0.18912713540758375,-0.6282724930278786,0.9905299054672326,-0.8122906926521948,0.5373448100601613,0.04390549099254376,-0.13408023476599842,0.6915368514838159,-0.015426611543833712,2.6268097989680883,-0.07431354991533104,Consolidada
05467,mpio,Montebello,-75.51920336437202,5.916507908430667,05467,05,5467,Mon,montebello,-1.1912446520826176,-1.0049510313662593,0.9040574865917629,-0.6991226248959292,0.5647377402287184,-0.02554838468617441,-1.6293758015310214,0.659111528096674,0.5040509778216035,0.16505276300598354,1.4138512616192844,-2.5292256578698975,1.9270674316291994,-0.3020396995615611,-0.9935000226691973,-1.0365400564001115,0.5701072604026304,0.4971001397276787,0.8744265303902989,-0.30835081213955273,1.2123558652426205,-0.16737043612212274,0.40324613771301343,0.45450752030194685,0.5767697352695191,0.5102445082391018,-0.18134942499162204,-0.8229531261749553,0.9834902750553267,0.3368118613289882,-0.7306215447920854,1.405215782038599,Transición
05475,mpio,Murindó,-76.70783782975408,6.828033184677589,05475,05,5475,Mur,murindo,0.2758782468118663,0.029243890444963224,-1.0572339345693265,-0.9576216035652331,-1.4542647539330575,0.8264511181060729,-1.360801829931023,0.3735210027909782,-3.849685141414727,2.919151367781873,-1.9560458929174018,-0.4749701567176358,-1.1906885606952196,1.7020235664550698,-3.4839992959521955,4.665311989065715,2.4652831856045867,2.506776490831639,0.9227787862263056,-2.594663868132855,1.01815278955183,-0.24263519587192192,2.810856373638918,-2.961308580693609,1.1662629085900267,-3.4726279920582535,2.1087802379478884,-1.0581598780752717,-1.3714274469896148,0.4528214296320631,-0.7896400917939477,-2.5221570655598473,Vulnerable
05480,mpio,Mutatá,-76.46224454510565,7.329015725832432,05480,05,5480,Mut,mutata,0.27111033935773726,-0.8473696742909577,-0.275816984897897,0.03392187495317227,0.28628066469693086,0.23423121391566432,-0.8125337447666557,0.13572162183974298,-1.4669237519760674,1.8448671337837466,-1.3266001746296823,-0.05774453122002993,0.5147564380149675,1.0248404414063799,-0.9838377873064664,4.2075818110785175,0.7175658334861785,-0.5791251851279858,0.8314487507576162,-3.812198855986544,-4.054776522940764,-0.906818387045517,1.8047630489721929,-0.9197731445462464,-0.8245605622222917,-1.820000452767974,0.4099875618451686,-0.35437606161137064,-1.8277883625710807,-0.6414449182351007,-1.3069779683653298,-1.847936950984757,Vulnerable
05483,mpio,Nariño,-75.19249763297098,5.582022155674575,05483,05,5483,Nar,narino,0.2609550963616237,-0.8555786527954915,0.40772178088825434,0.7299816619577458,-1.071133260216575,0.17239066844634632,-1.4606411038613891,0.2281498961637636,0.07032133606749501,-1.845836706703914,-0.8750314090383685,-1.2071956659175898,-1.5211884722853353,0.5876235759873751,-1.437744728167516,-0.684625144240429,1.1851627020689535,0.8116879962561795,0.6626136975509807,-0.06537538552291933,0.8776730636475049,1.5836064182338938,0.6135032013925931,-1.1442823812585328,-0.06347584320487158,0.3181293581100804,-0.20732285418836896,0.2720544638540681,-0.1733632884992369,0.07262271687302674,-0.6248850454669652,0.36578088276779863,Transición
05490,mpio,Necoclí,-76.67891681009039,8.495026735389011,05490,05,5490,Nec,necocli,-0.0944784085023514,2.497429180943667,1.5635234720373932,2.2942689789223656,1.4106361777010048,0.17527732019979123,-0.29293831435813517,0.07132342246096328,-0.5373512515965917,0.7656317560070521,-0.8492985249974905,0.014236743756676811,-0.38930538564777734,1.4367203442479348,-0.9463408927228546,1.3721248587762234,-1.0913147584879923,0.5284387042342398,0.3797873641195648,-1.3646230110289668,-2.3201166937521687,-1.7359127218557955,0.15584283653103334,-1.0904506293561955,-0.6064189767314583,-0.7022898943831116,-0.6389781104314135,-0.10466870186423817,0.9976059846576207,0.38820179108674424,-0.6527729049355969,-1.487942899860271,Vulnerable
05495,mpio,Nechí,-74.79161333262583,7.99047799414123,05495,05,5495,Nec,nechi,0.4234389842994408,0.5600758840866861,1.5918780571041362,0.046885568907366594,1.4951493868618864,-0.40589316981787366,-0.8787175090618052,0.1017640435040347,-4.216579492924283,0.9888942634138486,-1.4186516704017111,-0.03817986913568374,0.2296198359338365,0.7685188296963432,-1.3743891397371701,0.8144722380316912,0.48975206678651007,0.236273687135457,-0.19551467682998327,-1.8376089926591546,-1.199413821291322,-0.619296137852369,0.45515471553505815,-2.077397048995165,0.896064430851905,-2.98020899589602,0.36977424669392933,-0.8250116507943649,0.908162401062819,0.14988893885881965,-0.9563745699198829,-1.5730006013945008,Vulnerable
05501,mpio,Olaya,-75.7759517747996,6.610425422181019,05501,05,5501,Ola,olaya,0.34219704033053233,0.24804102205262996,0.06428361534555367,-0.3036662900020624,-1.7305594728771099,0.07092532896842582,-1.1089716261324025,0.2587395046293996,0.06357400168451927,1.1118645715927808,0.2384137565960406,-1.038991387397502,-0.819641406677923,0.032452123811508915,-1.1473212646322144,-0.43976133376229515,0.38483347724614553,-1.0893889793471232,2.781964344282971,-0.09717807592189133,1.159072614017081,-0.2157887547460892,-0.07130081640012347,0.651115050493934,-1.239852300013026,0.18080197400868778,0.38541510819445934,1.7898565825121386,1.9448580866168206,0.36332763387665257,-0.8059802395477879,1.088316325742153,Transición
05541,mpio,Peñol,-75.22269659707484,6.231819957054269,05541,05,5541,Peñ,penol,0.37227935118565514,-0.5626921190439496,-1.0811001785402192,-0.6079748374077981,0.11489578047911451,0.8554532199432799,0.4903977957486806,-0.16432801119122803,1.1073461901389585,0.5910734221151044,1.8120258764115122,-1.0219965526137689,-1.1793758561877277,-1.445117944588084,0.09625257910469773,0.21304275796635705,-1.2180725828594208,0.38337687119111186,-0.10028168269327158,0.40239751469544893,0.15739473373505827,-0.82934390527188,-0.12183810081102146,0.8022023425072216,0.4354265774553318,0.5160564355509815,-0.3749244752200803,1.273521877153345,0.17368517093939295,0.6133012575882101,0.8118384222110169,0.6275916839991487,Consolidada
05543,mpio,Peque,-75.88990903552057,7.04469790665202,05543,05,5543,Peq,peque,0.4234389842994408,-0.8033635304504859,2.0837679976104035,-1.7310442814419191,-0.6139675423978774,0.2936365087551387,-0.343913295825881,0.08138287921622987,-0.3403481283899141,-0.09595897918773112,-1.130276649429943,-0.500632111797672,0.2596334523750507,0.9160329391597674,-0.6603486984782002,0.030114101262189746,1.4013387144919853,0.1395742250777153,-0.4830004950737417,-0.42243549903567706,0.7795247729316025,0.5148955923646102,-1.7116448807476188,-0.6157886991718984,0.9644488484871712,-0.1292859090279769,-0.07202988682374403,1.0642300237202829,-1.868191548542624,0.6168845572882007,-1.241460479632968,-0.41069687317499726,Transición
05576,mpio,Pueblorrico,-75.85686899319225,5.8044141265684,05576,05,5576,Pue,pueblorrico,0.2203341243771694,0.9007579134424171,1.68933612951099,0.6602399445331092,0.29473330192668384,-0.13375918907191384,-0.4109515759906581,0.08050784682360335,-0.10097526398600773,-1.5785304740355897,0.8188165977672827,-1.5559817481106701,0.9047434401400557,0.014004147336416108,-0.6569570079400918,-1.1237032070538093,0.44822478852414205,-0.6467866378645477,2.2580751599672553,-0.2821404173051321,0.9952636634455246,0.6949022354925519,0.08648551951375649,0.4110954269831344,1.770946536763572,0.5079613698867006,0.007876325309269466,0.535796239868493,1.4331769177744613,0.2222800171319291,-0.5811683296328788,0.5354904049978443,Transición
05579,mpio,Puerto Berrío,-74.52869692662286,6.482510179537994,05579,05,5579,Pue,puerto_berrio,0.29142082534996444,1.0184897513138844,-0.9281699567457331,0.1274932081516759,2.718449139215524,-0.6116743238313918,-0.11627196572441158,-0.001556535357862426,-0.5738935304827185,-0.3196959755102576,-0.4296451991662833,1.529197573424107,0.8786012056334708,0.42968932422044,1.014935292522484,0.06472239686683148,0.1060511369032927,-0.26462906072729075,0.2979265214325106,0.21851694381510114,0.33701578502360957,-1.108958402055962,0.8183854725195645,-0.6802440238475701,-0.08105796513537987,-0.3057769446448301,0.004111535654638508,-1.0816024342613815,0.418138068595258,-1.7506498319345332,1.4519399223037384,-0.2998649193382794,Transición
05585,mpio,Puerto Nare,-74.7036375799297,6.126028012303996,05585,05,5585,Pue,puerto_nare,0.09706289974495,0.16325272436945898,-1.3130105682735296,-0.09653316263918775,2.0801543102709945,0.0061209688934055345,-0.16485468716337903,0.08308496889601442,0.7003785282799866,1.4122810006295388,-0.6394870520586795,0.0926981632340335,0.3844895081983645,-0.006786524346987282,0.09822492006464886,-0.03918877139432874,0.8810949715339855,-1.0176720260111638,0.677498674675483,0.3738159173577595,-0.24889697917315848,0.6432446947930561,0.14697293184286853,-0.13067531739938518,-1.0207253028874774,0.10899111594528835,-0.2312821207086183,-0.9621682855758501,-0.48506713324862294,0.8361259357405935,-0.7924469516734471,0.17096871968523167,Transición
05591,mpio,Puerto Triunfo,-74.68491670536943,5.955071068235982,05591,05,5591,Pue,puerto_triunfo,-0.02654826817441035,1.1953454521952038,-1.2692824391898865,-1.2740604222414418,1.7212994127435026,-0.2156636474530435,1.0611975180573308,-0.34165225807187166,0.10552811058334628,0.9896336814213825,-0.2154987883646483,1.9460903500984759,1.4185302596078921,-0.9775758151429172,1.1688079389255728,0.2532950053017017,-0.47327909361615694,-1.0656749408702118,-0.8014436234923519,0.019861654275099377,-1.5511689139252394,0.7017686476526404,-0.2414075907168975,-0.09313258930469462,-0.6249266425382253,-0.19332722932707197,-0.4985008303173322,-0.36682166240437525,-0.051946795796175206,0.8288710301341135,-0.29352183931345904,-0.8380272324621016,Transición
05604,mpio,Remedios,-74.55759481795987,6.999626036737502,05604,05,5604,Rem,remedios,0.4252362804173071,0.8242713561801766,0.5562095382498461,-0.5720304795552585,1.7070922932911738,-3.249702474870532,-1.4257005529267626,0.3573357673250169,-0.4003968484287616,-0.5321189254907991,-0.3548372867926606,1.6619268575150188,0.3215034775689923,-0.7773333324493127,0.3201659426571528,1.1649141170921553,-1.4347126101249978,-0.31156345860791257,-0.7001708496429776,-1.0948516536896682,-0.5043852821370032,-1.3168900307311202,-1.353234586393148,0.7977511711634842,1.1868680160608454,-1.4284446342668191,-1.435422888103922,-1.0266568683658401,0.1565768244068259,-2.2097638715091397,0.8866031770156825,-1.4519523605049485,Vulnerable
05607,mpio,Retiro,-75.51605227675036,6.051256284418432,05607,05,5607,Ret,retiro,0.18356736597163426,-0.8398159044392065,0.04562330826366153,-1.1440989767925351,1.7469584765143522,-0.5796324859335421,1.3039855031683367,-0.7461496188202125,0.48541064194083633,0.9551163447487164,0.18298580970228,0.8894950115301428,-0.8104548163531197,-0.9384735733563389,0.9768013054735225,1.3448613120511501,-2.5716726951331164,0.8549584786777794,-0.3430701338288962,1.52045167637186,-0.3140728520396616,-1.0735236653030056,0.5039844057330739,1.7386595058596115,0.49073463390014294,0.5463064662688069,0.2648132393022969,0.05279386545092459,0.1597611666883306,1.1014890950054494,2.545514126563055,1.137674838183684,Consolidada
05615,mpio,Rionegro,-75.41294203284635,6.149877287649464,05615,05,5615,Rio,rionegro,0.3972527101598969,-0.990375818150783,-1.6305967141612996,-0.6125532680461478,2.1312885474711147,1.4726633354690821,2.3121766898999776,-1.2530066265121984,0.9971207076948295,0.1643131741668223,3.96815963947509,-0.16173750410005724,-0.9840236275368891,0.07763734676538553,1.5979563789769702,0.926987210541351,-1.6202740570706187,0.4068135306665425,0.31831562674494696,2.24494547696549,-1.4231813244313345,0.037623778060028076,-0.11270179096184134,1.3264109693755997,0.6156397183774129,0.6601834862134458,3.2014725436536637,2.024771673898336,0.5797004045264773,0.6745287732958419,0.9020807797915978,0.7672220623799044,Consolidada
05628,mpio,Sabanalarga,-75.79227327581016,6.898565938343459,05628,05,5628,Sab,sabanalarga,0.27111033935773726,-0.9056220904521332,1.1923363070415558,0.14975214204600526,-0.36064431654459783,0.8729147270362678,-0.9012810742943503,0.3032353289092208,0.2541480773207367,-0.5638105542186899,-0.9480167122146375,-0.518656912247411,2.0383382881039904,-0.1978415647793607,-0.7398074154152293,-0.5491131927055146,0.9229477350484279,-1.0351880134711744,-0.44813196525531934,-0.4614855209181349,0.7788653772893782,-0.4646983901339376,-0.007171478777463336,-0.4541347335899864,-0.3543371989687319,0.38303732152644376,-0.5251826116957602,-0.5385609379000322,-0.9065117502375094,0.0011190015547363665,-0.7330037955627082,-0.4979355060149382,Transición
05631,mpio,Sabaneta,-75.60861361962914,6.138205541670269,05631,05,5631,Sab,sabaneta,0.4404811624065795,0.23105876188314756,-1.5440516452013873,-1.3305865404588255,1.8060673594827719,2.0645505507208397,1.7638211261358925,-0.8287187013621967,1.4150161664180965,1.2603723750485027,0.22448260714400933,3.3615392699288176,-0.9042595067989971,0.5694743884556515,2.346393885941261,-0.2423858256093461,-1.5258787943089982,0.3014950649330439,1.0137505366994555,2.8279165958982273,-0.5523838453245907,-1.537758853224991,-1.0400636634169707,1.8569932235694886,-0.3453360060691422,0.4716764937435522,-0.45062113162188444,-0.14885239656600593,0.24199408381595017,1.3211217148490007,-0.21379705254155135,0.7639868372354622,Consolidada
05642,mpio,Salgar,-75.9820526877208,5.969482895038642,05642,05,5642,Sal,salgar,-0.16157733685554282,0.01396598377384289,0.45960131397172715,0.23981288303692033,0.7300646154864762,-0.40043524541200676,-0.022908905537951364,-0.020737418582348014,0.3058080416541066,-0.12707230041844905,0.09280798572219716,-0.04815402811980814,-0.4531406968974298,-0.12101587703997724,0.26795470121057624,-0.25113530994517935,0.8631098062664871,-1.2470977544489406,-0.04060155670856437,-0.5941065647800083,0.231020412205687,1.7161679471103948,-1.059958712380338,0.7869091458791195,0.6030248947042831,0.4502510088477846,-0.21770967233909716,-0.7099716068671196,-0.12764451914254035,-1.1294251933772606,-0.3295154884842307,0.33232618882034326,Transición
05647,mpio,San Andrés De Cuerquía,-75.66413646431629,6.918063951632195,05647,05,5647,San,san_andres_de_cuerquia,0.1797131523927151,0.7865230228213459,1.8373901227996672,-0.13834535939873646,-0.5470174134224951,0.30012046694923916,-0.6592880727241909,0.10376248162326566,-1.4745223274730528,-1.7468383812563366,-0.18745859230436318,-1.1607686623952502,-0.4257039945059053,0.6916070625821034,-0.4899956698890462,-0.6433240350975916,1.267063261283198,-2.186852182896439,0.6054821796100945,-0.5329978252057516,1.2727609227380847,-0.14988138899935646,0.03316362040371397,-0.5957289012804919,1.0611228709059812,0.5518227030325069,0.4007902746004018,-1.2103670029203004,0.9409967806673533,-1.11965645994982,-0.6994625663680314,-0.6819733206396473,Transición
05649,mpio,San Carlos,-74.90834879287338,6.194724829012063,05649,05,5649,San,san_carlos,0.4234389842994408,0.03931371563188135,0.04703959694054192,0.9289562878656161,0.667747543811619,0.36446646939639077,-0.23835378127956358,-0.007416809598621896,0.5891776831942631,0.1833913838147363,-0.8260109415224182,-0.7198650155165607,-0.4135728593211749,1.0315523276677363,-0.6431630022520234,0.08547865139393918,0.3437180199144024,0.5483633162816716,0.5109477412861081,-0.18620012367360014,0.612079533647746,-0.8756087285351468,0.24292217906514812,-0.7456636963869454,-1.1205249332845604,0.19996679515129484,-0.7638284755949054,-0.9499921432199807,0.12989824224552066,-0.231738307134229,-1.1374697568248293,0.23203703320186664,Transición
05652,mpio,San Francisco,-74.97540254759538,5.882653453275657,05652,05,5652,San,san_francisco,0.4578389098544335,0.08199552983520207,0.7453222387543276,0.3815427457886695,-1.3888460989960656,-0.7248075061120858,0.2544123710415899,-0.016880329818591104,0.6155487102805219,-0.5514810547237248,-0.8622790493201963,-0.31138053208245875,-1.4204838521664842,1.6855328534437706,-2.1794111667517297,-0.9016276566662835,0.6549658984987237,0.16219623123120513,0.4846440450933373,-0.011994148272383012,-0.37742309764849347,1.3165689969952217,0.6509789981525903,-0.3915869524365592,1.6122527425128224,0.1850626909417094,-0.34017960660445357,-0.12944289683364552,1.1504655169591766,-0.17762113150231082,0.6201080645021151,0.07867359561200478,Transición
05656,mpio,San Jerónimo,-75.70476186704079,6.43763396073991,05656,05,5656,San,san_jeronimo,-0.16046107077428642,1.430135525707829,-0.7307897520691655,0.08607011911666473,0.8626934548817665,1.4672387507954257,0.7718720157004938,-0.11166117705951394,0.15925376137518088,-0.21680862216613844,0.7831412774252594,0.5917439316133979,0.06317737328373019,2.052396172095877,0.8299842611994072,0.7427675487928722,-0.5814296350105806,1.1675717813362338,0.17563061597117258,0.33075095780067276,0.5058836638738432,0.10871682809419363,0.04036194459186904,0.7045731949959098,-0.5480350744364549,0.4273608200621277,-0.2909968633403516,-0.35233004730453743,0.37515521037127153,0.4103386996229916,-0.1822420333584659,0.21419150760884959,Transición
05658,mpio,San José De La Montaña,-75.67671248101213,6.824142763250047,05658,05,5658,San,san_jose_de_la_montana,0.4234389842994408,-0.13317396505002335,0.7114734072030323,1.047613497646516,-0.6729412974649591,0.3564258167418955,-1.1447523662140566,0.3387150774468517,0.5938838825275274,-0.4928312925011742,-0.1347779750255049,-0.971109719271198,1.8938571588155482,0.9485125672173277,0.513207305248583,-1.8330408033960732,1.2419894041182593,1.9330997841018513,-3.103728755386773,-0.9127706948450008,2.1766836806791927,-0.0938077904914296,0.6216111883486695,-0.3650471544500764,1.1819413360688327,0.5048958325799623,0.2684553253998398,1.4237618670843926,-2.063739257643788,0.6263642394552855,-1.0744371584724333,-1.1075085561867477,Transición
05659,mpio,San Juan De Urabá,-76.53310241722065,8.707415368423705,05659,05,5659,San,san_juan_de_uraba,-0.30773851142073644,-0.16330453327196498,1.261515632264199,-0.45037279177062944,1.169867663124751,0.8481406982936234,0.2783194255159023,-0.05759182981470344,-3.2183245530088156,2.2151470332395027,-0.7217136507482554,-0.9131731006034647,-0.6954073470549966,2.2035949657870164,-1.383380124947311,1.5659923897833694,-0.09595558534152455,-0.026679347118905218,-0.3615622576953964,-1.614076514922238,-2.59065453309952,-0.1797041313139704,1.2155259053501581,-2.3438742495720954,0.729727020514869,-0.9166813127794486,-1.0987468090284922,-0.5989563360714661,-0.8489720113848332,1.0624596227469776,-0.9345474160368664,-1.5356827594409204,Vulnerable
05660,mpio,San Luis,-74.96154989355873,6.014786781351678,05660,05,5660,San,san_luis,0.18463045869106265,-0.4551528109712973,0.09109802223612742,-0.2211418211740998,0.07685951543497978,-1.1845625057764286,-0.08543283199567549,-0.08049393130928015,0.5467610119106866,-0.8345297765608635,-0.350888493382776,0.3077998734941181,-1.8522704858117252,0.06033245746090585,-0.6736448698112689,-0.13454400616529,-0.36534225222192646,-0.7137222550294708,0.30048336605441084,-0.259104479305621,-0.26194777562164745,-0.19236121365286632,0.22949951135060773,-0.1999331223215518,0.3283782729220186,-0.5291744805744112,-2.1947321787683722,1.227911778343163,-0.45652779365786544,0.24582829539901668,-0.8057912471263144,-0.543949293260387,Transición
05664,mpio,San Pedro De Los Milagros,-75.56245148603243,6.458259913274919,05664,05,5664,San,san_pedro_de_los_milagros,0.31452649817839307,2.6895433242102595,0.6112490526333059,-0.7605363371586622,0.8972437058874366,1.2115218153563896,-3.47062216708017,1.2469273656388529,0.42392946386441965,0.21017894697214354,0.335213632423607,0.33394348621024883,1.3069652829304423,-1.5509854444263855,1.2803515875392635,0.12276737780391028,-1.239234926449749,1.3744375661474642,-0.5822720749511588,0.9358847374853562,-0.28022275126251106,-1.6505514798031962,-0.2528855105885744,0.8650993575867255,-1.4343062507615931,0.5173061859886146,-0.4500531277949642,-0.20242856351073682,0.5623277182815731,0.755468336607357,0.7427951468897509,-0.34156655694583404,Transición
05665,mpio,San Pedro De Urabá,-76.31629273729325,8.378953443870987,05665,05,5665,San,san_pedro_de_uraba,0.24064461036939655,-0.9620409614382905,0.3528633201434919,0.7513608254704011,0.06844848310286246,-1.4174614613754333,-0.03981965704249965,-0.11544632553374383,-1.299279600778145,0.8805122350265684,-0.9108631126300489,-1.1416883615015727,-0.9688861282267499,0.8465988456276371,-0.4743855763671967,0.011372308024290118,-0.03464341331320695,0.9313374182966782,-0.13893981077443598,-0.9468640178056825,-0.8774824331876007,-1.2802714548051934,0.15448061655964712,-2.0936869334343133,-1.7782628342533564,-1.0506073138083507,-1.1407478725292683,-1.3944226570076546,0.2253763329073763,0.9538931305742335,-1.2699628670233967,-1.0919663148051806,Vulnerable
05667,mpio,San Rafael,-74.99596096285518,6.310736897214359,05667,05,5667,San,san_rafael,0.4234389842994408,-0.8923180438925182,0.5993666200944008,2.941014170829867e-4,-0.09886343994130872,-0.012507507483129942,0.6013000304391316,-0.23875164183540165,0.7465604481620093,-0.09459871480041984,-0.4228532288914318,-0.7217343246434033,-1.28617472851946,0.8190125831932563,-0.2846374260382362,-1.2021210253741024,-0.4527445879617041,0.9548470514116815,0.4361151815987138,1.0068514533527164,0.2654635163997799,0.40212731259858214,1.167808848581961,0.18040103055742868,-1.2781662140309575,0.3139882329264654,-0.7408848348053236,-0.8589845410770383,0.19918392449882763,0.4779294025076308,-0.19357786878377892,0.5760345526957699,Transición
05670,mpio,San Roque,-74.93172497367671,6.449296115781239,05670,05,5670,San,san_roque,0.372662769318873,-0.49989595783480467,-0.07298414520726641,-1.6412320164128313,0.6700748644943648,-0.4211315681109717,0.15250709681629154,0.010713547924125755,0.4027531224889629,-0.48781664536800445,0.13139714643834044,0.056299819679617565,0.5367405837616382,-0.760308252841945,-0.2569125196530353,-0.7787739320306458,0.103835672090316,0.5837282036571888,0.16236867104189112,-0.20622890108950045,0.5821002550939586,-0.8781575921533699,-1.2781882360282104,0.4990979460806779,-1.3592372580564658,0.4488870884523329,-0.22061890036285636,-1.0554174692102951,0.312401820376074,-0.41573668637423017,-0.35789229912626813,0.2347961112875985,Transición
05674,mpio,San Vicente Ferrer,-75.3279847603425,6.310783605303788,05674,05,5674,San,san_vicente_ferrer,-0.04013947197065891,-0.08790732034820259,-0.6079617324609026,-0.7490325030059218,0.023952196304631107,0.4907068620289917,0.35682726262792996,-0.1726245898891108,0.9804411299054625,0.8615385970032489,1.1605686901513117,-1.4681319292068173,-1.0504491382255103,0.933178323423888,0.41040851427379454,-0.6908864785818873,0.07075637171826248,0.016718904515764237,0.6365056880672236,0.02471625800706421,0.909154421430036,0.5556747005491038,-0.10420584173796284,0.3716803603859243,-0.03571097880013133,0.5218723912106078,-0.33749467984450277,-0.28732093186751645,-0.18950087728471324,0.55484452635682735,-0.5881853087320299,0.45879089407512735,Transición
05679,mpio,Santa Bárbara,-75.58465219795166,5.88212401983384,05679,05,5679,San,santa_barbara,0.23425641927197718,-0.49513564345647376,-0.2154027735844612,0.6462663915188261,0.30287013233540366,0.34798129072977185,-1.408387467143225,0.6804422291284341,0.9257286530581262,0.5635809033331639,0.5550146456363746,-0.07369255138478396,-0.5220818382130559,1.127233507374669,-0.26891553727826484,-1.3958913101752397,0.5082032067802665,0.2777922278930846,0.5849785830745906,0.26044281356125676,0.36757736282865033,1.0264670040551596,0.7985857867576925,0.04906297511114471,0.7114528892358037,0.4920568193141123,-0.42052799009207226,-0.4585926042206297,0.1580207586439483,0.049068291862904616,-0.7654166591387419,1.44896988609774,Transición
05686,mpio,Santa Rosa De Osos,-75.43634969780916,6.673844438133682,05686,05,5686,San,santa_rosa_de_osos,0.3285033009748967,0.36286995026338736,-0.5472292879037702,-1.289864755070497,0.8099389171846281,0.5969089459032775,-0.3511649312181188,-0.14298725565827572,-0.03718004720965235,-1.0313396429063904,-0.21695230743535968,0.2038077148006256,-0.035865032873671,-1.5255788226273164,1.0096203280596283,-0.16273349546281904,-0.9057341237084569,-0.23630930352824925,-0.34000383069787327,1.566836875812185,-0.886429953122788,-1.2178801663237664,-1.6920621913322251,0.7033996344666721,0.2364357908518101,0.5126696649584634,-0.33421370633198483,0.8552092248266179,0.5419689015518088,-0.04113835481896303,0.7059339733020736,-0.5707621738494851,Transición
05690,mpio,Santo Domingo,-75.14083579655436,6.48162320651811,05690,05,5690,San,santo_domingo,0.35235228332664587,0.5058600174725537,-1.4889685727392064,-1.2265454038415975,-0.11593786398042005,0.3792508871258806,0.022087526673013776,-0.15848393336348027,0.46761819915997477,-0.7856088505096631,0.098733828848434,-0.14532293694249968,-0.5090572973001019,-0.13595736113213644,-0.16805549337879902,0.06279080209577198,-0.7800995863475843,-0.32375095997662384,-2.101043232372094,0.8389449315299159,0.5322112722469512,-1.917608485593091,-0.5680086668742246,0.36477686078531946,-0.8269618742760597,0.48603552647949794,-0.29561568735825916,0.25764863691000633,-0.4725986915971498,0.4742582982198108,0.18902594491766797,1.048127729944952,Transición
05697,mpio,El Santuario,-75.25350313907576,6.124364458093594,05697,05,5697,El,el_santuario,0.41328374130332723,-0.7092294520508838,-1.729192443919497,-0.2019294164159059,-0.044685853425666916,1.2680925393363591,0.5808781875257334,-0.19346150555337693,0.8396076249499106,1.0872278553538515,2.3723231819223245,-0.8966773003611431,-0.8692224341463105,-0.5336135701121976,-0.3460087464425586,-0.48319901895411665,-1.0562701208937006,0.8445363945908815,0.5429122375392422,0.5124558941988626,0.4564081687428009,-0.599035311865948,-0.8301112720615321,0.4774648749549852,0.5101615082113474,0.5162924270037851,-0.4750426173997322,1.8616758808140426,1.2507122147777439,0.31553647964051873,1.5189275669462396,-0.36924377139922915,Consolidada
05736,mpio,Segovia,-74.62110846338082,7.268890861637109,05736,05,5736,Seg,segovia,0.4234389842994408,0.892380406437546,0.4585701667047404,0.9181032577413143,2.25462298965082,-2.0417559536532934,0.5335621428448778,-0.8126389195866298,-0.9148508083666275,-1.2721163766558454,-0.3086585436600794,1.8195317078214017,0.19773616371930672,-0.6769787043480935,0.6990716785639628,-0.08915123516622432,-0.34354299977051006,-0.7221792400026267,-1.1425794723561966,-1.2323868402169604,-0.23968352553159186,-0.18932790995996363,-0.5130699710190475,-0.43664924412597145,-1.0142841131468727,-2.7309815182042096,-2.2702410433109166,-0.16082410043163625,0.33354024044263914,-2.348947102589138,1.1477910337204478,-1.664118219362306,Vulnerable
05756,mpio,Sonsón,-75.06005105931858,5.761483712822131,05756,05,5756,Son,sonson,-0.0791442471990651,-0.645315680322551,-0.6519474656223424,0.8652389733186154,1.241756652404112,1.1641752064426554,1.0089433788885498,-0.46197131883214126,-0.566784375261953,-1.17389741814874,-0.44984853462791885,-0.254846408155523,-1.3739183352971265,0.028272788741725282,0.18783553996788993,-0.2585836710241706,-0.3651405369246063,0.9532522407731275,0.06815370964037784,0.13594640538993966,0.4762113328934684,0.003930967570438358,-0.3875714708903108,-0.6516217374864149,0.32829366287034556,0.33534657658966094,-0.5594298851980132,1.265393331471482,0.42930856743610757,-0.4592015058305406,-0.41012906690486156,0.2019395237361132,Transición
05761,mpio,Sopetrán,-75.7436640764976,6.521656625872611,05761,05,5761,Sop,sopetran,0.5599211073104724,-0.6021789277384821,-0.9523502690058496,-0.2866270026455988,-0.7786749039506925,-0.002960486949841021,1.148394580779897,-0.35203049985991264,0.252324008805158,0.028127165671604556,0.5625054773144764,-0.1874798096493016,0.4886600814718611,0.7301815312071251,0.21895280985761637,0.6246837484702925,-1.8591728125828308,-1.1040683770041553,0.07605130822548664,0.18576520114765244,0.12865098763783595,-1.3167749524831236,-0.10297084423981724,0.6343460349684996,-0.6019491675511457,0.45326924123098244,-0.4073550820149534,-0.4388518401897702,-0.14520396112405964,0.3601001721040519,-1.3211327972105051,0.7038170650175452,Transición
05789,mpio,Támesis,-75.71005278523353,5.673450034296747,05789,05,5789,Tám,tamesis,-0.7074789992393742,-0.5678842290469797,-0.490785864968656,-0.48722659620960473,-0.4349332152888658,1.112890235876647,-0.15929569756042872,0.2537269899361421,0.08738963407518532,0.1601573276231781,0.06436467343679107,-1.1595651358730464e-4,0.47838595036585935,-0.060285926548595596,-0.27001741553682534,-0.1639167673686769,-0.4527821913632826,0.5830718840318551,-0.9556516711516616,0.5293337396843908,0.5877626242937273,-0.4058236594896198,1.1602980494422426,0.49602573353423085,1.2856942416376105,0.506258753356351,-0.2500288380561482,0.410862925398606,-1.0680409645567432,1.2699868184803942,0.47770404335928146,1.5061259413327095,Transición
05790,mpio,Tarazá,-75.40013930102191,7.48734383550283,05790,05,5790,Tar,taraza,0.5599211073104724,-0.552026635708431,-0.6319414434169758,1.3424597028028549,0.3901934334779038,-0.5437948003719979,-1.04910560849998,0.341057433910833,-1.1004180549801055,-1.2491391193827104,-0.991138714895091,0.07062771206139788,-0.09215852701485652,1.2917778967876337,-0.5633256766335393,0.35020635777144554,0.45149447670458503,-1.7057641450613183,0.4238214995980166,-0.7521741143735776,-1.2137219951154405,0.7747080327190722,0.0722232242656248,-1.4358355283535704,-0.1460545017351891,-1.0490850635662488,-1.120377052616548,-0.6013379129848098,0.3884838439204004,-2.4204484818583274,-0.839178441423017,-1.7044195523289154,Vulnerable
05792,mpio,Tarso,-75.82913583643453,5.871156197083275,05792,05,5792,Tar,tarso,0.570076350306586,-0.6238804438585178,0.5990920610000711,0.6455767154928411,-0.06215347423307883,0.8672651083393662,-1.1165422594070213,0.5412466768409879,-0.44329685063642416,-0.34891788386599776,1.2347700029824296,-0.9941976622895977,1.8245073097843865,-0.8478217929651122,0.511337470514824,-0.3291752293924924,0.4751955158552874,-1.8650271845727038,2.430085510981607,0.5429684845725594,0.623956524870898,1.4174532035719636,1.4777678506913574,0.7406395649266145,1.0618237753993154,0.46206162310168414,0.4085801663650412,0.7181157824692529,1.6003970342945326,0.3653126880777786,0.5807153280035109,0.6315495886694733,Transición
05809,mpio,Titiribí,-75.80049478086937,6.057128294268855,05809,05,5809,Tit,titiribi,-1.8705126843512494,0.794771168202569,-0.4990246799905722,1.5481207677845592,-0.06442887124100527,0.8543035708971816,-0.28392463339388835,0.08055559605934003,0.765741477692949,-0.05731124072571222,0.28652391439302344,-0.04313305124791222,0.43935775164181146,0.1259849853018474,-0.17751529306181107,-0.2709038717379134,0.7185533512434502,-0.3209821898996149,-0.03690327957073862,0.1721693262260999,-1.173798319318365,2.717231717422565,0.5551874770904653,0.6910233816292132,-0.6067951315583899,0.5141366415828155,0.5297531620874064,-0.5863568491909941,-1.2321817383286375,0.6965657343251282,-0.1647481669547727,1.7704299772994283,Transición
05819,mpio,Toledo,-75.7141133101774,7.013268128423279,05819,05,5819,Tol,toledo,-0.7342587172575067,-0.5318864040302589,0.5251521652980905,-0.8216099083817362,-1.7383305967337725,1.3604348368407675,-0.1131895963135679,0.17574205028141252,-0.04525678740998886,0.03191939045831737,-0.17319100907106508,-1.073576377694524,1.329260342053678,-0.2488342304805284,-0.3650726924846065,0.29668873980999544,0.7791559741189528,1.3142219302634788,-0.12848827617525793,0.4299592951140047,0.8555654512978942,-1.318216108771736,0.10443856149387896,-0.5156223267915242,-0.9779056148792619,0.5334905690031445,0.7070717303328619,0.9678143140026378,-0.20999763006049094,-1.285929984210223,0.2536234089835816,-0.4501012295885912,Transición
05837,mpio,Turbo,-76.72353267215297,8.000541285943282,05837,05,5837,Tur,turbo,0.382503925392821,3.2749221745577213,-0.9204163116699845,1.821855072187619,-0.30829080016612503,-0.4597236783834957,-0.708739442640927,0.2777736626370257,-2.2514790722423657,1.0825063118794576,-1.2184942132677257,0.008055422810885894,-0.4882864524885543,0.1442327757031719,-0.5393207774473031,0.65878824209303255,-0.043844656069427314,0.6119498401353661,0.17918102095670316,-0.2387368664910864,-1.5840982253003604,-2.358897378628838,1.7075212676115379,-1.7295259695025,-1.1946733517799781,-0.6492490440128653,0.07057319000886673,-1.292962990606258,0.4582492050786534,-0.8523036866296981,1.2694518831084776,-1.743597825006105,Vulnerable
05842,mpio,Uramita,-76.13167195630004,6.914085565062334,05842,05,5842,Ura,uramita,0.14924742340437433,-0.37155818881304353,0.4249269131017681,1.6029966970356981,-0.96427322868782706,0.21438383767446387,-1.6828691421693367,0.5349101500053428,-2.0314327267796837,-2.6877998302175983,-0.40249709235956443,-0.9122879962599741,0.023333900918059855,0.13964419950907828,-1.1606203799096244,0.10014304026957364,0.16206611195985018,-0.19702828389056004,-0.315933664177292,-1.2416362097701392,-1.99694826848607,2.4328216341416997,-2.6022558966794804,-2.145820472989915,1.4126816186864488,-0.9290773303229997,0.5008749436398746,-1.39290407253889,-1.0910445166341298,0.2621005895533018,-1.1949803504154635,-0.2414751429110351,Vulnerable
05847,mpio,Urrao,-76.25979960615834,6.336154651693728,05847,05,5847,Urr,urrao,-0.43828807287028465,-0.35602701841609535,-0.29547460415039517,-0.21907340771734846,-0.5870383622623,0.18924265242167412,-1.0774926240967428,0.2321262325582474,0.501828865066761,-0.9360407317604557,-0.875143512624212,0.6461950865089895,-0.7413294428556021,-0.6482795380624304,-0.5551939800462325,0.3357663859776887,0.3337640436462822,-0.7940259762748358,0.3954169010625286,-0.8548707481463036,-0.7730452938036029,0.19679565529310927,-1.3432408172475914,0.6339303216385596,-0.9108688270106828,0.03178589134931799,0.13393219317593638,-0.6446411078982568,-1.4953437463373809,-1.4286158525547092,0.26975444291019174,-0.505555416678781,Transición
05854,mpio,Valdivia,-75.40013811604481,7.265432299206812,05854,05,5854,Val,valdivia,0.35235228332664587,-0.6968290357846465,1.01633711637989,0.5616408440290431,0.41166155773057644,-0.17349949466754594,0.10637506414749189,-0.06870516872279113,-0.6224303316049437,-1.6017992263575005,-1.0727872545246275,-0.03736303115327146,-0.29448337662206686,2.7796628232805416,-0.20000189493251597,0.2813835047088348,0.987115242536288,-0.27711285082479503,-2.297341861876017,-1.1017506375494956,0.7883757734999574,-0.17419989192579421,0.5916765468851473,-0.31183119696905237,0.4153165133437991,-1.3405759403241884,-3.8956678766092843,0.9708529166678719,-0.25893172138424864,-3.21347466453996,-0.2998801322396007,-1.0588791148990409,Vulnerable
05856,mpio,Valparaíso,-75.62943947740791,5.652522353540148,05856,05,5856,Val,valparaiso,0.372662769318873,0.4177548678928756,0.3467913767576617,-0.008871804053250755,-0.9529133398679107,1.2065094401599434,-1.035869135197986,0.40163741119772334,0.6016698741332401,0.7484574848876387,0.37331030675632493,-0.46069155515768057,1.5646599851228282,0.30517683377088345,-0.124672828731195,0.8193519501153927,2.9125193963159193,-0.7180789978969382,-0.6744923238642064,1.0324379430214197,-0.12624622885497874,1.1369927716395434,1.5041684613191115,0.7158540151777335,1.725673789296061,0.5252316226260182,-0.25468852987037055,-0.4071224726016577,-0.8595153000692237,1.0895953864233954,-1.2477774890130064,1.1167342136665772,Transición
05858,mpio,Vegachí,-74.7561275524288,6.838531715071826,05858,05,5858,Veg,vegachi,0.3081601612041404,-0.23678371807004753,-1.1008278228144677,2.2662678502168907,0.9651324658831332,-2.70515013863386,0.20035248808975883,-0.14147189680006567,0.5487719790679687,-0.18260707113708072,-0.049835803215079064,1.3070634381705708,0.6010657297068582,-0.46960766366856743,0.22213082798353012,0.25955716779428134,-1.2509817338315987,0.5258231812193972,-0.1568734370970256,-0.992715333425348,0.13238074958069287,-1.7177629045012408,-0.8917711695912711,-0.21022647452617482,-1.168788330241716,-0.16717431185992654,-0.9583015892309753,0.505663255295402,0.46029929434286937,-0.9024169866230003,-0.39152714914125286,-0.42840809197911556,Vulnerable
05861,mpio,Venecia,-75.77667036324677,5.957936081327948,05861,05,5861,Ven,venecia,0.570076350306586,-0.46737530150897394,0.5316555128265757,-0.39604732539045734,0.16052899576907376,1.2133086118566925,-0.2809235496249719,0.14710789662799018,0.9084717001530682,0.5411492168785356,0.16260391561085663,-0.24851555728321295,0.16735860187526458,-0.1827971113446993,0.4617625172143426,0.5336199519634646,-0.816434330482585,0.535673549886722,-0.8493554601919312,0.16662038311751953,0.047185183481240026,0.5619005791184006,1.9153003279757046,0.8508744157075213,-0.13149259011908118,0.4671796121431058,-0.05733106623138022,-0.38311856628883056,0.10109510490103572,-0.3679096883238249,-0.7452002306249803,1.4888647901698464,Transición
05873,mpio,Vigía Del Fuerte,-76.69390431189592,6.45213966098224,05873,05,5873,Vig,vigia_del_fuerte,0.2758782468118663,1.6540416988361333,0.4854564087791272,-2.6762266153790746,-2.3132891503625452,0.5418011556909241,-0.07285711605438072,-0.11880281076095453,-1.3422842098348542,-0.026673137042145963,-1.8749516995715856,-0.44184465810715123,-1.3910543892890073,0.03893324963537672,-2.581849994118158,4.0180456756349505,2.641314803312762,1.2485419063228755,0.5173655329407426,-0.19705553205821724,0.5439210012501834,-0.48695403823299505,1.5554029571681265,-2.877352023532744,0.025619325541624455,-5.536870042191997,2.9511244060407753,-1.8983454672004667,0.7908549510416765,0.21214943094161587,-0.3208861086395201,-1.889872460521334,Vulnerable
05885,mpio,Yalí,-74.75670554929039,6.717873794407401,05885,05,5885,Yal,yali,0.4234389842994408,-0.47169146699607645,-0.6531174638810623,1.1100837854505905,0.27462589914583635,-2.6141693103288635,-0.35900954311636063,-0.012129331945674674,-0.08257468230840062,0.5699516751474168,-0.4021628564204199,0.2456497665037415,-0.39919684608870304,-0.19253403529150978,-0.05618868742934112,-0.7601493886723355,0.07481911801129633,0.3249931060641715,1.1275293375285373,-0.8006662531628705,0.21183802523882575,1.5860075408672527,-0.03125210027109726,0.2005252124293138,-0.5332942509883735,-0.018749130638746697,0.07691555268243849,-0.42621843046116337,1.247096064724276,-0.5735735143687093,-0.4375666950126037,-0.2166974623946057,Vulnerable
05887,mpio,Yarumal,-75.45537895859798,6.987997454050405,05887,05,5887,Yar,yarumal,0.2750002561977186,0.2881114720575234,-0.15219019373161496,0.6166659257435021,-0.25321772362873435,0.4408468614770641,1.0326533613240585,-0.4390796007035553,0.26730261002954203,-0.5706620245303772,0.21447482105804663,0.3380330752214257,0.5769909634447334,0.5758208193335574,0.463510618080509,-0.042857272690371435,0.33910035089739554,0.897939537484746,0.25885505932330355,0.4738470373274084,0.5777972971120924,-1.0355392078032521,0.5690520267662172,0.0884199998889763,-0.5347881053434174,0.532404882787209,1.3159113266654434,1.604761986522355,0.7704126243150886,-0.9987116656875539,-0.5359669347100399,-0.5170966514283244,Transición
05890,mpio,Yolombó,-74.92190108361531,6.644324429020973,05890,05,5890,Yol,yolombo,0.4234389842994408,-1.2703956749996301,-0.21158770852329617,2.0009890612052286,0.9499208661465904,-1.2617464960913374,0.6390306423399892,-0.32704127858624676,-0.19596326156668087,-0.6576720460499035,-0.7473363335921681,0.4959030481265072,-0.6807895700284566,-1.0064179130335362,-0.497228976507098,-0.7476419748741526,0.5724350161817615,0.09247656218834673,0.00859473645706828,-0.8634354041395992,0.2720204251988234,0.11092184345277087,0.10594030593066484,-0.1313822810385506,-0.12708030315949773,0.34980297292206936,2.7250392869120073,-0.5543878827376378,-0.789396123844101,0.07432265426439437,0.8924470687083698,0.5357538263751827,Vulnerable
