nivl_vl,id_nivl,nvl_lbl,X,Y,nvl_lbl_2,nvl_label,idx1_servicio1,idx2_Adultez1,idx2_Adultez2,idx2_Adultez3,idx3_climatico1,idx3_climatico2,idx4_Capacidad1,idx4_Capacidad2,idx5_viviendas1,idx5_viviendas2,idx6_crecimiento1,idx6_crecimiento2,idx6_crecimiento3,idx7_gini1,idx8_demografica1,idx9_infnin1,idx9_infnin2,idx9_infnin3,idx9_infnin4,idx10_juventud1,idx10_juventud2,idx10_juventud3,idx10_juventud4,idx11_pobreza1,idx11_pobreza2,idx12_salud1,idx12_salud2,idx13_saludmental1,idx13_saludmental2,idx14_seguridad1,idx14_seguridad2,idx15_vejez1,sub_grp,centroid,x_centroid,y_centroid
05001,mpio,Medellín,-75.6127999092285,6.258851646871735,Med,medellin,0.4189637755686829,0.4163116189512254,-1.8236351035731218,-0.5600678370075634,0.6431239307752074,0.23314729563655748,4.171809563477854,10.156021685247872,0.851301475909482,0.7229450344842738,0.18651637950898395,2.5136186729203325,-0.24341560781617377,0.4027527894392599,1.6531681879761093,0.4044548484644765,-1.1568746432079864,-0.1614973104582805,0.1368818107826727,1.956418023896591,-0.9942939334374885,-0.6902162879052234,-0.8559123691613786,0.6143687879908739,-1.3450751969182624,0.5141834425241921,1.8218254076128249,0.77939849471201506,0.46191866216985095,0.01634306275288898,2.959130920088874,0.6725424195742774,Consolidada,"c(-75.611027757868, 6.25758989343033)",-75.61102775786804,6.257589893430329
05101,mpio,Ciudad Bolívar,-76.00902572747876,5.840445938385701,Ciu,ciudad_bolivar,0.12961407076291356,-0.46604954730897175,0.40430737741870865,-0.7680654456228921,0.3867141365953243,-1.1295115183051707,0.34435712917320815,-0.08325189371691176,0.6715089161701093,0.6790629002885928,0.08101765418487956,0.3142259734710625,0.35529712723566764,-1.485556370685295,0.08722292433137696,0.2103729323863683,-0.13515513069601257,-1.7154304191712058,0.33064839759392495,0.42695387368455784,-1.3499567556881529,1.7841069124036864,-0.3290069581666652,0.6643677191643306,-0.4604631684231397,0.5129540809705345,0.3861105890676236,-0.520729309057878,0.5194002629402201,-0.4777791250231496,0.6152948227990255,0.3984447525743914,Transición,"c(-76.0106531886659, 5.84099461730698)",-76.01065318866587,5.840994617306977
05107,mpio,Briceño,-75.56490046652242,7.110452631076573,Bri,briceno,0.08831596542769293,-0.07351323187057761,1.3492118056641758,1.0053861713214673,-0.9470874797383817,0.21475964953739157,-0.4230655725944457,0.022668613896144222,-1.682516238251326,-2.328705453757658,-0.539328414916674,-0.7175330706818949,-0.32664744680342045,0.7136658987537606,-0.3127151048817669,-0.758518035620962,0.618088880645094,0.4955781883045013,0.1540564155986548,-1.3718006930663529,0.9349436673942615,-0.25899733756126714,-2.6474173039438202,-0.9075849340827065,1.0896576032903194,0.34108719105522156,0.13868205342758816,-0.028232139146753783,-0.5117658207982239,-2.792519564879597,0.7929558480366633,-1.1951357960322793,Transición,"c(-75.5622391073871, 7.11178448728901)",-75.56223910738713,7.111784487289015
05113,mpio,Buriticá,-75.91248836264813,6.809453076648512,Bur,buritica,0.2609550963616236,-0.22794194476370985,-0.06706417773915903,-0.2257694345182342,-3.3776574389233587,-0.5100169588735534,1.0822136323454143,-0.4011985089491641,-0.38979255162749393,-0.8645285908182093,-0.8738426507528186,0.1306191098585115,-0.8765672711651731,-1.5615248558452701,-0.10067130212269697,0.27106758846910567,0.9047785330209197,-0.7144703899561389,-0.20375695521206816,-0.42164401425549514,-0.693302621710757,1.3367515379342074,-1.491555270055192,1.1396705575039714,1.1566015345018024,0.15881273845416977,-0.7526550607921938,-0.22713437657865473,-0.52251189397190545,0.15417720093146461,-1.1143284976870147,-0.499998617995571,Transición,"c(-75.9120630878672, 6.8090534929076)",-75.91206308786722,6.809053492907604
05120,mpio,Cáceres,-75.22433705064566,7.665837684237721,Các,caceres,-0.10426747094189781,1.359484165263291,0.5241023081842988,-0.1265262249861754,-0.9421158616552108,-2.0867674815019743,-0.36612381667946764,0.05864810601821758,-1.245613156843702,0.2911497363944212,-1.1096970984303542,-0.11724329704450663,-1.2643288059308595,0.08684636608322033,-1.302942771084911,0.9321981633918077,1.017604393865195,-0.7107365791597416,-1.133674891309094,-0.9598419617227545,-0.6324822126754707,-0.03862789514893534,0.31442760094205946,-1.5316819523669007,-0.08292861808394619,-0.9099488874430026,-0.20889125467646885,-1.2945183871750143,0.7501257861207631,-2.1927554660550332,-0.812330320450568,-1.4395876063406066,Vulnerable,"c(-75.2236682682923, 7.66512579935009)",-75.22366826829231,7.665125799350093
05093,mpio,Betulia,-75.9571432806565,6.184841691374015,Bet,betulia,0.25798105426388945,-0.6836219890489363,0.9202677133255028,-0.4960721106714394,-1.5955917204827554,-1.3085291337817166,-0.8405363928481963,0.24686843411485007,-0.7208597351235071,-1.9766540575073226,0.4513948867294242,-1.1675533640402451,0.10317267995857113,-0.676329045009361,0.22127237078366208,-0.13416419883048472,0.2288168833424096,1.4436979961051692,-0.6315014604231793,-1.0282842993882755,0.4535702357701828,0.5448544255601064,-0.4979992711012813,0.07443560498096809,2.460948688602504,0.5132811466913753,-0.12446265316641825,0.18636495762774485,0.7672768121321616,-0.19643270486955453,0.23949327757680203,-0.5188301958594517,Transición,"c(-75.9564924825841, 6.18578265004494)",-75.9564924825841,6.185782650044938
05091,mpio,Betania,-75.98391538682482,5.726633681705867,Bet,betania,0.2822002617367316,0.36527062488647066,0.8407858013846867,-0.21204300351865138,-0.18516671696353892,-1.5519574806206256,0.22218429403855902,-0.10104178976374051,0.49986534094043494,-1.028577801907494,0.9588684092243319,-1.4978380137187932,-0.17946098640957847,-1.2976174692209892,-0.188988979794009,-0.15609849192006317,0.7273124626299151,-1.9348846699232731,0.36452730019861584,-0.3623007791770683,1.795684018955012,0.5892729509972197,0.41990574665541747,-0.03572759859436863,0.1540011920203592,0.46946354657589817,-0.06316658945290725,-1.3520920941883912,0.8523439511922482,-0.4670499062500517,-0.081248924550464,-0.1275423515202395,Transición,"c(-75.9868924133274, 5.7270822158155)",-75.98689241332744,5.727082215815498
05088,mpio,Bello,-75.59025592930725,6.359736868390984,Bel,bello,0.42343898429944077,0.3700193859833482,-1.5510331637064092,-0.68246052986881,-0.1531183459097366,-0.40990584393939594,0.6945963207012485,-0.7621939718827909,0.04078424802624402,0.4008151960021857,-0.20828946987941938,0.9830939406718553,-0.6167707558912997,-0.2124442353457917,1.7303794341453684,0.27934405623525643,-0.7320152890955629,-0.5764957497360716,0.2805988557672343,1.2783178281240588,-0.5005548152444226,0.5852785076357327,-0.032749648815678024,0.38872217073513676,-0.9005231315836358,0.5114577245970631,0.6302703180797845,0.4417296225920763,0.5910351601943783,0.5063719312326073,1.2017365538720006,-0.28638957604882653,Consolidada,"c(-75.5897353234828, 6.35884095122638)",-75.5897353234828,6.358840951226379
05086,mpio,Belmira,-75.65593854553747,6.655416376409969,Bel,belmira,-0.019078497762619193,1.797807405179955,1.2891016823652843,-1.3888455203350436,-0.6105718159817176,0.35960503880633526,-0.08202223593591192,-0.01697730398532763,0.6812030133572916,-0.3218867307628162,-0.4200842155758431,-0.13400213595580837,-0.20026271384750013,-0.2132179548539683,0.46376266530396487,-0.9237756720928741,0.36594926082121715,0.7136403834579879,-1.3602021233156962,-0.20763879289846027,0.40905600050380736,-0.8713810927257383,0.12255431028707378,0.34433527198414976,-0.5172542897373829,0.532102055875146,-0.08533010954700383,-0.9026347467788193,1.0354307908918396,0.4307819047577414,-1.2053264603726968,-0.5662204273870243,Transición,"c(-75.6538472845764, 6.65365103127381)",-75.65384728457644,6.653651031273813
05079,mpio,Barbosa,-75.32786343666069,6.443319090375343,Bar,barbosa,-0.5390948645623808,1.0396325565829674,-0.8552519715176914,-1.5712961672762993,0.08408082544024484,0.8064923324511114,0.1615938041665021,-0.10930530868213259,0.624014570965457,-0.10681861233868924,1.552071789302715,0.7862790622616332,-0.4215532633115809,-0.7652828218169022,1.246134545885387,-0.4725351462263255,-0.4823774010871604,-0.22923694866213168,0.5858095013562165,0.2262954623255551,-0.006574478215241592,0.7060424131410055,-0.19447706590982902,0.6677314656698323,-1.4484927079624899,0.5460326595126271,1.1581443436088739,0.05418091462259021,0.16605627063221048,0.26008646390499796,0.35275279959152445,0.8856982246351534,Transición,"c(-75.3292446080347, 6.44341844651932)",-75.32924460803471,6.443418446519324
05059,mpio,Armenia,-75.80864705689626,6.160281593099016,Arm,armenia,0.42343898429944077,-0.9020418642248726,-0.6245895054042246,-0.05822551900490438,0.3514112276995419,1.2667544379330167,0.19322786563034774,-0.1271465702953576,0.6769909737486537,0.5176601004899717,-0.7378430077590747,-0.6126870084280949,5.87205183482262,-0.9342502023249329,-1.2374453944089938,-2.4561260843186625,1.7504547692911303,-0.42267461227293157,1.6985921753368263,0.965075032791475,0.5618713623064274,2.861245578118102,2.349186330963114,0.9122456555024521,0.8307494536619373,0.5318750583941884,0.016375741978356975,-1.0544959665670488,0.9577504485530597,0.9123235520165179,3.0257075455736273,1.7185687043527904,Transición,"c(-75.8099548150214, 6.16368229572242)",-75.80995481502137,6.163682295722418
05055,mpio,Argelia,-75.09746529951609,5.708071781632922,Arg,argelia,0.48830463884277425,-1.7524366916253356,0.491877829372984,0.5111284459717476,-0.18398470843727377,0.09615447764835733,-0.7596842935411667,0.2576740598344871,-0.13504583561543346,-1.770024006697896,-0.8228129586494298,-0.9747590435746312,-1.505551659380533,0.42003891970236784,-0.9971892137528229,-0.1757083934309666,0.023908922571829565,0.9558504847670579,-0.6132637813466341,-0.3744079218096016,0.775779024014975,0.6106380104454372,-0.4944100797340402,-1.189242768759509,-0.5078703585535796,0.44717308570333997,0.10872801198488559,0.3502682535159365,-0.20438715633149443,-1.2691282547557634,0.215373555241019,-0.22179460299282594,Transición,"c(-75.0947006788276, 5.70811867997983)",-75.09470067882755,5.708118679979832
05051,mpio,Arboletes,-76.41522867595302,8.612251717517433,Arb,arboletes,0.33204179733441863,2.2406993773018473,2.3389502462827214,0.4900903470645069,-0.600592983458818,-1.8372180383130212,-1.3360645340422588,0.3603456158217022,-2.986852500056557,3.1494383042573317,-0.957979187538786,-0.8805246194396958,-0.21239561519843,-0.026378280598390393,-1.097857234224487,-0.023888981882312255,0.25092861661107296,0.7040527926349442,-0.7456385439426646,-0.8443866214237764,-0.7846550084785178,-1.1161862703181447,0.4384727737089141,-2.956192884852802,-0.24777940948276456,-0.15080615208883433,-0.6213292800183663,-0.8601554535513932,0.6301186286475083,1.0155719846066065,-1.2123208903064824,-1.054452679141608,Vulnerable,"c(-76.4147807063461, 8.61137460110543)",-76.4147807063461,8.611374601105432
05045,mpio,Apartadó,-76.56706680254926,7.897074436040532,Apa,apartado,0.5700763503065861,0.8616709542825792,-1.5589492749548364,2.989090349946458,-0.36785606698826306,-0.7514622385774405,0.40409185064827385,-0.2972786307526421,0.34460903187723474,0.8655353841185296,-0.6371330896616654,0.6432407737210177,0.0699343194509327,-0.382366528291644,1.16051995001705,0.20689753610333098,-0.5990889657930974,0.6911549686176242,0.5200552689516897,0.6578095723342421,-1.0041792190373862,-0.8902597139572538,0.8392270857878049,-0.6228673908617357,-1.6377536345603347,-1.0050575915767141,1.4118927523630291,-0.5225917114427181,0.3780212545453651,-0.5293979056822964,1.6080354489133977,-1.5577159296727199,Vulnerable,"c(-76.5669677122705, 7.89613649494488)",-76.56696771227048,7.896136494944879
05044,mpio,Anzá,-75.91231309090341,6.305861557837838,Anz,anza,-1.2738597738257988,-1.6634213447456565,0.9913538711075497,-0.6477389615276768,-3.0892878254925478,-0.5271016869400988,-0.5694176094328364,0.16291265016205864,0.21921336815994377,0.6601126643853699,0.046940928482890956,-0.093599147735467,-0.3050938171430829,0.5284081310941633,-0.07913759006580114,0.05651225218354711,0.03380463181162705,-0.7204430293810593,-1.1490652007719306,-0.8386182220305811,0.6018942404721258,-0.08035174187467774,-0.527030653318543,0.5780639442264193,2.283812213542756,0.12237767062295139,-0.9676497443472839,-0.11003861871513962,0.3250362925095123,0.19566655343524755,-0.17974042891133662,-0.14844453495083818,Transición,"c(-75.9125932284879, 6.30803786483438)",-75.91259322848788,6.308037864834383
05042,mpio,Santa Fé De Antioquia,-75.90499964678077,6.534498010517901,San,santa_fe_de_antioquia,0.28738674001533493,0.8469538664116008,0.845141288133801,-0.3959300559898419,0.07816040258468043,0.7533282040973226,0.6338426332687398,-0.31966781059666116,0.10354509442245445,0.2992451495370836,-0.0031344146617945322,0.7021836870587533,0.7372616599322783,0.617947699363745,0.6214556498149632,0.6603807272146172,0.12292454852620119,0.09903012440786897,-1.1467577966359972,0.41919821546355657,-0.49805967275411284,-0.3095394742104353,0.7464616728016691,-0.18184959347403115,-0.9242190158047068,0.017771342043308103,1.0562418000841904,-1.0650391605363874,-0.152611317233082,0.047690723890942296,-0.4797697695742636,0.16053893806989844,Transición,"c(-75.9042658491814, 6.53570684038511)",-75.9042658491814,6.535706840385106
05040,mpio,Anorí,-75.10780220695464,7.193963891656249,Ano,anori,0.5393934160042412,1.1551395356937644,0.958630844323451,-0.08881123213466685,-1.454957072376553,-1.4295259423159803,-0.9008549984430941,0.16827211624253732,-0.47443189951412135,-1.9987688182482697,-0.8877483187243683,0.5463957385387104,-0.4579489822771321,-0.0015682756624440454,0.06585936191502864,-0.5478941918500285,0.27769679998925384,0.03335699194600817,-0.043505052744354435,-1.676952485804819,0.8678775990780266,0.6460703849654931,-2.4919951058704717,-0.1179015024103016,0.20402479349754585,-1.2024115134561244,-3.215683122324676,-1.0829479655502454,0.4451919937050357,-3.955385643442784,-0.08724842911781852,-1.3352831663681837,Vulnerable,"c(-75.1085162955154, 7.19308633129217)",-75.10851629551536,7.193086331292168
05038,mpio,Angostura,-75.35932847383421,6.861471413586091,Ang,angostura,-0.21979905473358233,-0.8858093778289675,1.0239782320891084,-0.16006320333358717,0.49763534453440783,-2.1145711990732767,0.24899218376155116,-0.11543908446211014,-0.29264540725847243,-0.4211332213364185,-0.7126932781346966,-0.6139410919198932,0.4146642732759631,3.080547887796542,-0.009028649348973544,-0.5999674948367582,0.590866599769423,0.018058855999780125,-0.3930868544058842,-0.9551522097269013,1.444305391741768,-0.11308197278692271,-0.7481414198999323,-0.721054161877895,1.9359765234537958,0.5274472416414953,-0.20007279853388577,0.5178747244258394,-0.7816676502128693,-0.6921751938828539,-1.2114664000151802,-0.2519320674145164,Transición,"c(-75.3583239157636, 6.86149822975637)",-75.35832391576363,6.861498229756371
05036,mpio,Angelópolis,-75.71816333813786,6.119759257449431,Ang,angelopolis,-1.0411625380722862,1.3244321248776671,-0.5617415570308374,0.37278624192796694,-0.03006431918534329,0.6679794655155283,0.3688208141000201,-0.429848993926326,0.24350857923882044,0.008030810997154116,0.2312327944735951,-0.5636222065461071,0.010316533174297997,-1.0989693208179208,0.30081036382540477,-0.507002830214445,0.25132132731804036,-0.37530663588233193,-2.603381394936094,0.3606289707342527,0.2348670402010436,-1.0084471031854825,0.326733809841689,0.5535540064248146,0.2999095187845731,0.5563078179132398,0.5113498191918759,0.6476761266382269,-2.941469859850198,0.31966308228807216,-0.5475880259964622,0.5944982444536029,Transición,"c(-75.7159502263275, 6.12142962621088)",-75.71595022632748,6.1214296262108805
05034,mpio,Andes,-75.92493905135751,5.624279481107275,And,andes,0.534268116072737,0.8189020894946676,0.45385390145816806,-1.2281431788751194,0.01732468640182856,-0.2563449835558829,0.23986895222335278,-0.07072435630508814,0.9313975891865579,0.1422474406085979,-0.17193909570729313,-0.022660056100142684,0.15066199851978876,-0.8151195438502693,0.673522322114273,-0.07666969307368648,-0.11384004083163039,-0.4681061016945317,-0.3928472580644765,0.5264479502096066,-0.19595531560910256,0.5243483559506437,0.09828047144431407,0.42041140746899025,0.1565603660241911,0.5228863581683115,-0.22085027247583405,-0.39395822012801146,-1.0004452403288204,-0.5123218246382362,0.48755630550779844,0.3279253166540593,Transición,"c(-75.9245938981168, 5.62394782549105)",-75.92459389811677,5.623947825491049
05031,mpio,Amalfi,-74.98142088861091,6.977017823056702,Ama,amalfi,0.42343898429944077,-0.24782609201004063,0.43683859048445567,0.41664301041886165,0.08612381555042284,-0.900151864632838,-0.06691830260574393,-0.04291402939152544,0.01013800688752235,-0.19762801034613198,-0.6109386506201437,0.515772979725437,-0.2505577340926289,-1.0446560125730742,0.4179286427996313,-0.505032228329518,0.9502641778031847,0.22035734330144233,0.4854582137349315,-0.36371213994093327,1.0033986915642996,0.3436857164104328,-0.12649451500223852,0.0997239074569838,1.0353850265436957,0.23736168570541147,-0.7295423184432642,-0.25773895625355997,-0.12081921551152346,-1.0715558364609319,-0.1959295571412426,-0.45356524245836904,Transición,"c(-74.9812594125375, 6.9777625981082)",-74.98125941253751,6.977762598108205
05030,mpio,Amagá,-75.70694035674894,6.032726554782707,Ama,amaga,-2.188896727737228,1.0538608914676404,0.20982524665022204,-0.5913540916251736,-0.45133545140318504,0.48686547737982333,0.29715238141319134,-0.1617500106553335,0.4248612259597266,0.8017957703866004,1.661562931029448,-0.5307334370901712,-0.10190520632436943,-0.4600083207795568,1.1776090472030927,-0.3988038297225718,-0.18121734087637004,0.03863525718521824,-0.08447572912166548,0.3890423213000717,-6.342050998207158e-4,0.8266872977218103,0.9819861772107326,0.3894028132464188,-0.41269810311512095,0.4848554191464538,-0.36058976777439267,-1.3506584841752787,-0.2150937850502255,0.42502830085368276,-0.48794576053657773,0.6253593422718123,Transición,"c(-75.7080033435618, 6.03292119757748)",-75.70800334356176,6.032921197577477
05021,mpio,Alejandría,-75.08992268709144,6.364688109831899,Ale,alejandria,0.3421970403305322,-1.6745110122795335,-0.08082813986868856,0.36805916549118034,-0.19426095925252398,0.5123141856676078,-0.7452765266761221,0.20087603846327629,0.8745574554845172,0.16236691715385337,-0.10759627927745194,-0.5777417527724897,-0.4741074001462863,-0.1344148547172654,-0.8254234433666644,-1.175439718653385,0.32563275682767984,0.7054432513984618,1.884583148327174,0.13054841269203235,1.2154553769540275,-0.6330714264602959,-0.7437689819932172,-0.09557257020688896,0.41571470687071144,0.5313755178975631,-0.1032395076484985,-0.10736288221970644,-1.5826925590770875,0.8079387026440354,-0.9944854066846628,0.25971382083539074,Transición,"c(-75.09059927772, 6.36553467637234)",-75.09059927772003,6.365534676372336
05004,mpio,Abriaquí,-76.0871416147664,6.628242805445521,Abr,abriaqui,-0.6123958013041435,-1.5888839908418466,0.6754294534159576,0.6521231895446332,-0.3582377316020875,0.2971681754438792,-1.2397063338825176,0.049592312937910346,0.2781576110071192,-0.15036338658295242,-1.2094924314121622,0.3788282657921893,1.91957173625544,1.392413983933437,-0.22170493634257143,-1.6095825129882468,1.145998203684694,1.3482320198672146,-0.4103501000727854,-0.08022317623389785,2.0088483735064124,0.9414242748522533,-0.40291949169260555,0.7172143105976715,-0.5409687403811502,0.5724029658953583,0.9081004662443612,0.7949667302654031,-3.6070371245299153,1.3166561296543247,-1.3160890657465505,0.5256533182132275,Transición,"c(-76.0859756735774, 6.62756509916028)",-76.0859756735774,6.62756509916028
05002,mpio,Abejorral,-75.43996915359027,5.802327928317855,Abe,abejorral,0.37266276931887293,-0.4874929648346287,1.269280495127557,-0.004523380578972762,-0.5374789324018797,0.04093200171756487,-0.1580789665291872,-0.12528505978648496,-0.22726285046761613,1.0171257533611657,-0.3166268449317591,-1.046919244295596,-0.6046350140651134,-1.1767287121969157,-0.3968746453488714,-0.5001490627614582,0.27151416387316424,0.3388121993308788,0.9091832514172571,-0.4411313267720321,0.7693414589524228,0.4113814299816113,-0.07429013430812383,-0.5131498730953848,-0.7975914049093589,0.5190244362375482,-0.24387935364687435,3.4022981938512777,1.4440788181073825,0.3068700935231686,1.082594457833079,0.9530652690003141,Transición,"c(-75.4384781223046, 5.80372571783455)",-75.43847812230463,5.803725717834549
05895,mpio,Zaragoza,-74.85727639831647,7.474121234219121,Zar,zaragoza,-8.736590198195001,0.19453888777729458,0.3756586941297118,0.23781207547042635,1.623069130100425,-1.1360311427337828,-0.06199633028084474,-0.16371810253092586,-1.4409054502450291,-1.2602837894632701,-0.5737217332379941,0.4622940629183864,0.1042519492612499,-0.32254398433021686,-0.88691029928901,0.9515369860316754,-0.8123376809259215,0.2570086747316472,-0.25225955357150953,-1.3361098684308321,-1.2976972483348839,-1.6564705891511213,0.3730072770494501,-1.4128934044260861,-0.6657804700202917,-3.2177656515281323,0.4238045706731919,-0.25307683315487606,0.14153006123121076,-1.0479750890962733,0.5527914942743585,-1.7419971765648168,Vulnerable,"c(-74.8584667985454, 7.47398943891608)",-74.85846679854541,7.473989438916078
05893,mpio,Yondó,-74.1591850871306,6.924952641125988,Yon,yondo,-0.5583944993482638,2.704830520883897,0.7570613136157703,-0.7796743630820445,-0.07395473742768668,-2.079832691252743,0.3600071637211412,-0.2181726379924893,-1.2664661905328929,0.0676371847107357,-1.1627581048381561,0.1875410515305703,0.508123276152125,-0.1700370056128904,-0.7186396464217744,0.584436046445748,0.7608683440142854,-0.601667509257778,-1.282689679615358,-0.48353230592998414,-0.31470680745542257,0.3713471096866725,0.6940946044568278,-1.3382370765669267,-1.0616944084307167,-0.22061775000720693,-0.1726647390553023,-0.9033678218995862,0.5654529708638139,-1.5190003698052483,1.1490422891444474,-1.128933163998009,Vulnerable,"c(-74.158307562, 6.92513765446953)",-74.15830756199998,6.925137654469526
05890,mpio,Yolombó,-74.92190108361531,6.644324429020973,Yol,yolombo,0.42343898429944077,-1.2703956749996306,-0.21158770852329375,2.000989061205229,0.9499208661465917,-1.261746496091337,0.6390306423399881,-0.32704127858624615,-0.19596326156667965,-0.6576720460499039,-0.7473363335921686,0.4959030481265075,-0.6807895700284509,-1.006417913033536,-0.4972289765070979,-0.747641974874154,0.5724350161817603,0.09247656218834731,0.008594736457068982,-0.863435404139599,0.27202042519882413,0.11092184345276873,0.10594030593069646,-0.1313822810385505,-0.1270803031594977,0.3498029729220705,2.7250392869120077,-0.5543878827376377,-0.7893961238441006,0.07432265426439436,0.8924470687083691,0.4169320794810083,Vulnerable,"c(-74.922751873184, 6.64534425892033)",-74.92275187318403,6.6453442589203275
05887,mpio,Yarumal,-75.45537895859798,6.987997454050405,Yar,yarumal,0.27500025619771856,0.28811147205752297,-0.1521901937316144,0.6166659257435025,-0.25321772362873424,0.44084686147706,1.0326533613240585,-0.4390796007035553,0.267302610029543,-0.5706620245303767,0.2144748210580471,0.3380330752214259,0.5769909634447302,0.5758208193335578,0.4635106180805089,-0.04285727269037159,0.3391003508973959,0.8979395374847471,0.2588550593233003,0.4738470373274091,0.5777972971120903,-1.035539207803254,0.5690520267662068,0.08841999988897632,-0.5347881053434174,0.5324048827872098,1.3159113266654432,1.6047619865223548,0.770412624315089,-0.9987116656875541,-0.5359669347100391,-0.4590944493488239,Transición,"c(-75.4544170769853, 6.98812003864191)",-75.4544170769853,6.988120038641909
05885,mpio,Yalí,-74.75670554929039,6.717873794407401,Yal,yali,0.42343898429944077,-0.4716914669960768,-0.6531174638810612,1.1100837854505912,0.2746258991458378,-2.6141693103288577,-0.35900954311636146,-0.012129331945674284,-0.08257468230840152,0.5699516751474185,-0.4021628564204203,0.24564976650374193,-0.3991968460886984,-0.19253403529151009,-0.056188687429341154,-0.7601493886723358,0.07481911801129552,0.3249931060641724,1.1275293375285387,-0.8006662531628708,0.21183802523882903,1.586007540867251,-0.03125210027107,0.2005252124293138,-0.5332942509883728,-0.018749130638747287,0.0769155526824385,-0.4262184304611635,1.2470960647242761,-0.5735735143687097,-0.43756669501260326,-0.3067777962263125,Vulnerable,"c(-74.755658284, 6.71687751332073)",-74.755658284,6.716877513320732
05861,mpio,Venecia,-75.77667036324677,5.957936081327948,Ven,venecia,0.5700763503065861,-0.46737530150897383,0.5316555128265745,-0.39604732539045834,0.16052899576907267,1.2133086118566905,-0.2809235496249711,0.14710789662798976,0.9084717001530679,0.5411492168785351,0.1626039156108562,-0.24851555728321326,0.16735860187526846,-0.1827971113446996,0.4617625172143426,0.5336199519634659,-0.8164343304825857,0.5356735498867206,-0.8493554601919312,0.1666203831175198,0.047185183481240206,0.5619005791183989,1.9153003279757461,0.8508744157075215,-0.13149259011908107,0.4671796121431058,-0.057331066231380436,-0.3831185662888305,0.10109510490103606,-0.3679096883238259,-0.7452002306249811,1.3986442260631944,Transición,"c(-75.7772248048771, 5.95657652661612)",-75.77722480487706,5.956576526616117
05858,mpio,Vegachí,-74.7561275524288,6.838531715071826,Veg,vegachi,0.3081601612041404,-0.23678371807004858,-1.1008278228144648,2.266267850216893,0.9651324658831356,-2.7051501386338583,0.20035248808975828,-0.14147189680006544,0.5487719790679692,-0.18260707113708113,-0.0498358032150798,1.3070634381705706,0.6010657297068608,-0.46960766366856704,0.22213082798353007,0.25955716779428334,-1.2509817338315996,0.5258231812193958,-0.15687343709702287,-0.9927153334253471,0.13238074958069085,-1.7177629045012415,-0.891771169591246,-0.21022647452617468,-1.1687883302417152,-0.1671743118599266,-0.9583015892309751,0.505663255295402,0.4602992943428695,-0.902416986623001,-0.3915271491412527,-0.2458004221573213,Vulnerable,"c(-74.7540354062695, 6.83653989323378)",-74.75403540626952,6.836539893233778
05856,mpio,Valparaíso,-75.62943947740791,5.652522353540148,Val,valparaiso,0.37266276931887293,0.41775486789287536,0.3467913767576617,-0.00887180405325117,-0.9529133398679136,1.2065094401599532,-1.035869135197985,0.4016374111977228,0.6016698741332397,0.7484574848876391,0.3733103067563248,-0.46069155515768284,1.5646599851228278,0.30517683377088306,-0.12467282873119509,0.8193519501153903,2.912519396315923,-0.7180789978969355,-0.6744923238642143,1.0324379430214186,-0.12624622885497788,1.1369927716395438,1.5041684613190722,0.7158540151777334,1.7256737892960607,0.5252316226260181,-0.2546885298703708,-0.40712247260165746,-0.8595153000692235,1.0895953864233947,-1.2477774890130062,1.1898049575310354,Transición,"c(-75.6308339544148, 5.6519345868878)",-75.63083395441481,5.651934586887796
05854,mpio,Valdivia,-75.40013811604481,7.265432299206812,Val,valdivia,0.35235228332664575,-0.6968290357846464,1.0163371163798902,0.5616408440290409,0.4116615577305769,-0.1734994946675474,0.10637506414749172,-0.06870516872279105,-0.6224303316049425,-1.6017992263575,-1.0727872545246273,-0.03736303115327182,-0.2944833766220669,2.7796628232805416,-0.200001894932516,0.2813835047088343,0.9871152425362872,-0.2771128508247952,-2.2973418618760175,-1.1017506375494954,0.7883757734999589,-0.17419989192579657,0.5916765468850829,-0.3118311969690524,0.41531651334379915,-1.3405759403241868,-3.8956678766092834,0.9708529166678719,-0.25893172138424825,-3.2134746645399597,-0.2998801322395993,-1.186296216065864,Vulnerable,"c(-75.4009546280613, 7.26539130472299)",-75.40095462806134,7.2653913047229945
05842,mpio,Uramita,-76.13167195630004,6.914085565062334,Ura,uramita,0.14924742340437433,-0.3715581888130442,0.4249269131017701,1.6029966970356968,-0.9642732286878284,0.21438383767446959,-1.682869142169336,0.5349101500053425,-2.03143272677968,-2.687799830217599,-0.40249709235956455,-0.9122879962599746,0.023333900918062096,0.13964419950907805,-1.1606203799096244,0.10014304026957337,0.1620661119598501,-0.19702828389055954,-0.315933664177289,-1.2416362097701414,-1.996948268486067,2.432821634141705,-2.602255896679407,-2.1458204729899157,1.412681618686447,-0.9290773303230017,0.5008749436398751,-1.3929040725388897,-1.0910445166341296,0.26210058955330123,-1.1949803504154635,-0.26738124891520965,Vulnerable,"c(-76.1331904861589, 6.91391694885669)",-76.1331904861589,6.913916948856692
05837,mpio,Turbo,-76.72353267215297,8.000541285943282,Tur,turbo,0.3825039253928211,3.27492217455772,-0.920416311669981,1.8218550721876214,-0.308290800166124,-0.45972367838349953,-0.7087394426409253,0.27777366263702463,-2.2514790722423657,1.0825063118794551,-1.2184942132677252,0.008055422810885692,-0.48828645248855546,0.14423277570317203,-0.5393207774473031,0.6587882420930324,-0.04384465606942846,0.6119498401353655,0.17918102095670596,-0.23873686649108627,-1.5840982253003644,-2.3588973786288365,1.7075212676115867,-1.7295259695024998,-1.1946733517799795,-0.6492490440128663,0.07057319000886694,-1.2929629906062583,0.4582492050786536,-0.8523036866296976,1.2694518831084798,-1.6777515286630398,Vulnerable,"c(-76.7240424700428, 7.9979749159222)",-76.72404247004279,7.997974915922195
05819,mpio,Toledo,-75.7141133101774,7.013268128423279,Tol,toledo,-0.7342587172575065,-0.5318864040302587,0.5251521652980885,-0.8216099083817371,-1.7383305967337765,1.360434836840783,-0.11318959631356652,0.17574205028141174,-0.045256787409988626,0.03191939045831749,-0.1731910090710648,-1.0735763776945249,1.329260342053679,-0.2488342304805283,-0.36507269248460644,0.29668873980999405,0.7791559741189518,1.3142219302634794,-0.12848827617525635,0.42995929511400593,0.8555654512978914,-1.3182161087717374,0.10443856149387812,-0.5156223267915242,-0.977905614879261,0.5334905690031448,0.7070717303328615,0.9678143140026385,-0.20999763006049216,-1.2859299842102232,0.25362340898358043,-0.3863537044075915,Transición,"c(-75.7136339674111, 7.01639423654262)",-75.71363396741107,7.016394236542619
05809,mpio,Titiribí,-75.80049478086937,6.057128294268855,Tit,titiribi,-1.8705126843512496,0.7947711682025682,-0.49902467999056976,1.54812076778456,-0.06442887124100558,0.8543035708971775,-0.28392463339388824,0.08055559605933992,0.7657414776929491,-0.05731124072571241,0.286523914393023,-0.0431330512479135,0.4393577516418169,0.12598498530184757,-0.17751529306181107,-0.2709038717379148,0.7185533512434494,-0.3209821898996145,-0.03690327957073733,0.1721693262260989,-1.17379831931836,2.7172317174225675,0.5551874770905025,0.6910233816292132,-0.6067951315583893,0.5141366415828157,0.5297531620874063,-0.5863568491909936,-1.232181738328638,0.696565734325128,-0.16474816695477434,1.7632852779120247,Transición,"c(-75.7996602327297, 6.05834906980892)",-75.79966023272974,6.058349069808925
05792,mpio,Tarso,-75.82913583643453,5.871156197083275,Tar,tarso,0.5700763503065861,-0.6238804438585182,0.5990920610000716,0.64557671549284,-0.06215347423308024,0.8672651083393687,-1.1165422594070193,0.5412466768409869,-0.44329685063642416,-0.34891788386599665,1.2347700029824304,-0.9941976622895999,1.8245073097843838,-0.8478217929651122,0.5113374705148237,-0.3291752293924936,0.4751955158552913,-1.8650271845726998,2.430085510981606,0.5429684845725589,0.6239565248708993,1.41745320357196,1.477767850691346,0.7406395649266142,1.061823775399316,0.46206162310168436,0.40858016636504113,0.7181157824692528,1.6003970342945328,0.3653126880777792,0.5807153280035096,0.510897224131462,Transición,"c(-75.8287103182779, 5.87106395236458)",-75.8287103182779,5.871063952364577
05790,mpio,Tarazá,-75.40013930102191,7.48734383550283,Tar,taraza,0.5599211073104725,-0.5520266357084316,-0.6319414434169743,1.3424597028028555,0.3901934334779046,-0.5437948003719997,-1.0491056084999792,0.3410574339108327,-1.1004180549801046,-1.2491391193827106,-0.9911387148950908,0.07062771206139752,-0.09215852701485755,1.2917778967876339,-0.5633256766335393,0.35020635777144543,0.4514944767045892,-1.705764145061316,0.42382149959801546,-0.7521741143735784,-1.2137219951154383,0.7747080327190747,0.07222322426560235,-1.4358355283535702,-0.1460545017351896,-1.049085063566249,-1.1203770526165475,-0.6013379129848098,0.3884838439204005,-2.420448481858327,-0.8391784414230148,-1.5582547391726782,Vulnerable,"c(-75.4018598212301, 7.48886022869021)",-75.40185982123015,7.488860228690206
05789,mpio,Támesis,-75.71005278523353,5.673450034296747,Tám,tamesis,-0.707478999239374,-0.5678842290469795,-0.49078586496865734,-0.4872265962096038,-0.43493321528886786,1.1128902358766524,-0.15929569756042683,0.25372698993614107,0.08738963407518492,0.16015732762317808,0.06436467343679111,-1.1595651358761985e-4,0.4783859503658612,-0.06028592654859615,-0.27001741553682534,-0.16391676736867647,-0.452782191363283,0.5830718840318548,-0.9556516711516637,0.5293337396843915,0.5877626242937262,-0.40582365948962207,1.1602980494422663,0.4960257335342309,1.285694241637611,0.506258753356351,-0.2500288380561484,0.4108629253986061,-1.0680409645567432,1.269986818480395,0.4777040433592801,1.6660289539582411,Transición,"c(-75.7098019641155, 5.67375357625227)",-75.70980196411547,5.673753576252266
05761,mpio,Sopetrán,-75.7436640764976,6.521656625872611,Sop,sopetran,0.5599211073104725,-0.6021789277384821,-0.9523502690058506,-0.28662700264559704,-0.7786749039506922,-0.0029604869498446756,1.148394580779897,-0.35203049985991264,0.2523240088051578,0.02812716567160517,0.5625054773144768,-0.18747980964930175,0.4886600814718613,0.7301815312071251,0.2189528098576163,0.6246837484702957,-1.8591728125828295,-1.104068377004156,0.0760513082254874,0.1857652011476534,0.12865098763783375,-1.3167749524831238,-0.10297084423978103,0.6343460349684995,-0.6019491675511454,0.45326924123098244,-0.4073550820149536,-0.43885184018977,-0.14520396112405975,0.3601001721040509,-1.3211327972105056,0.7429598344302486,Transición,"c(-75.7458142428463, 6.52016126113821)",-75.74581424284627,6.5201612611382105
05756,mpio,Sonsón,-75.06005105931858,5.761483712822131,Son,sonson,-0.07914424719906551,-0.6453156803225509,-0.6519474656223415,0.8652389733186162,1.2417566524041104,1.1641752064426596,1.0089433788885496,-0.4619713188321412,-0.566784375261952,-1.1738974181487392,-0.44984853462791824,-0.25484640815552206,-1.3739183352971318,0.028272788741725077,0.18783553996788988,-0.25858367102417024,-0.3651405369246077,0.9532522407731272,0.06815370964037755,0.13594640538994002,0.47621133289346823,0.003930967570437499,-0.3875714708903124,-0.6516217374864146,0.32829366287034506,0.33534657658966077,-0.5594298851980134,1.2653933314714818,0.4293085674361082,-0.459201505830541,-0.4101290669048609,0.24971595029877067,Transición,"c(-75.0594000030783, 5.76253615063563)",-75.05940000307834,5.762536150635628
05736,mpio,Segovia,-74.62110846338082,7.268890861637109,Seg,segovia,0.42343898429944077,0.8923804064375455,0.4585701667047424,0.9181032577413142,2.2546229896508208,-2.041755953653286,0.5335621428448767,-0.8126389195866289,-0.9148508083666258,-1.2721163766558472,-0.3086585436600807,1.8195317078214026,0.1977361637193106,-0.6769787043480937,0.6990716785639626,-0.08915123516622332,-0.3435429997705106,-0.7221792400026279,-1.1425794723561933,-1.2323868402169602,-0.2396835255315908,-0.1893279099599635,-0.5130699710190644,-0.4366492441259713,-1.0142841131468732,-2.73098151820421,-2.270241043310915,-0.16082410043163628,0.3335402404426389,-2.348947102589138,1.1477910337204502,-1.5011700243981712,Vulnerable,"c(-74.6216732039588, 7.26693076537449)",-74.6216732039588,7.266930765374493
05697,mpio,El Santuario,-75.25350313907576,6.124364458093594,El,el_santuario,0.4132837413033272,-0.7092294520508825,-1.7291924439194957,-0.20192941641590378,-0.044685853425668526,1.2680925393363605,0.5808781875257334,-0.19346150555337693,0.8396076249499086,1.087227855353853,2.372323181922326,-0.8966773003611416,-0.8692224341463111,-0.5336135701121975,-0.3460087464425587,-0.4831990189541151,-1.0562701208937013,0.8445363945908804,0.5429122375392419,0.5124558941988633,0.45640816874280005,-0.5990353118659483,-0.8301112720615269,0.47746487495498485,0.5101615082113485,0.516292427003785,-0.47504261739973225,1.8616758808140417,1.2507122147777439,0.31553647964051906,1.5189275669462405,-0.29459734408739235,Consolidada,"c(-75.2521228132556, 6.12420941714032)",-75.25212281325555,6.124209417140324
05690,mpio,Santo Domingo,-75.14083579655436,6.48162320651811,San,santo_domingo,0.35235228332664575,0.5058600174725548,-1.4889685727392084,-1.226545403841596,-0.11593786398041973,0.37925088712587607,0.022087526673012652,-0.15848393336347974,0.4676181991599757,-0.7856088505096638,0.098733828848434,-0.14532293694249973,-0.509057297300102,-0.13595736113213708,-0.1680554933787989,0.06279080209577365,-0.780099586347587,-0.32375095997662606,-2.1010432323720885,0.8389449315299174,0.5322112722469476,-1.917608485593091,-0.5680086668742046,0.36477686078531946,-0.8269618742760589,0.4860355264794978,-0.2956156873582594,0.2576486369100064,-0.47259869159714935,0.4742582982198104,0.18902594491766664,0.9136224135050783,Transición,"c(-75.1425987230619, 6.4810445045565)",-75.14259872306188,6.481044504556497
05686,mpio,Santa Rosa De Osos,-75.43634969780916,6.673844438133682,San,santa_rosa_de_osos,0.3285033009748968,0.362869950263388,-0.5472292879037711,-1.2898647550704958,0.8099389171846273,0.5969089459032787,-0.35116493121811965,-0.14298725565827533,-0.03718004720965079,-1.0313396429063908,-0.2169523074353598,0.2038077148006257,-0.03586503287366774,-1.5255788226273164,1.009620328059628,-0.1627334954628177,-0.9057341237084563,-0.23630930352825086,-0.340003830697875,1.5668368758121836,-0.8864299531227906,-1.2178801663237604,-1.6920621913322689,0.7033996344666721,0.2364357908518109,0.5126696649584632,-0.3342137063319851,0.8552092248266177,0.5419689015518085,-0.04113835481896299,0.7059339733020739,-0.4654437729801281,Transición,"c(-75.4381213808146, 6.67582466664662)",-75.43812138081461,6.67582466664662
05679,mpio,Santa Bárbara,-75.58465219795166,5.88212401983384,San,santa_barbara,0.23425641927197724,-0.4951356434564739,-0.2154027735844605,0.6462663915188264,0.3028701323354033,0.34798129072977146,-1.4083874671432226,0.6804422291284328,0.9257286530581256,0.5635809033331637,0.555014645636374,-0.07369255138478395,-0.5220818382130525,1.127233507374669,-0.2689155372782648,-1.3958913101752415,0.5082032067802653,0.27779222789308494,0.5849785830745869,0.2604428135612564,0.3675773628286523,1.0264670040551582,0.7985857867576829,0.049062975111144776,0.7114528892358025,0.49205681931411227,-0.4205279900920725,-0.45859260422062953,0.15802075864394846,0.0490682918629039,-0.765416659138741,1.5771077585128306,Transición,"c(-75.5833016503658, 5.87897811061342)",-75.58330165036584,5.87897811061342
05306,mpio,Giraldo,-75.94895428046208,6.663139482964665,Gir,giraldo,-0.09024986150291187,-0.9735268086003444,0.8249223818760099,-0.6614793409292208,-0.5904917266954177,0.18899536154489874,-0.3006337433025283,0.021701212117802713,0.687328384528156,0.25318350061937434,0.840552924269995,0.9725548796528749,0.07692184880782166,0.08049462192928329,-0.4323610641660961,-0.11211431212671719,-0.6495743831755929,1.1584497514543666,-0.6414192827483977,0.11863390919273763,-1.8979829068394143,0.21568551614209097,-0.25674026718868803,1.4793957337013173,0.35473428531478357,0.5025674566038956,-0.5199069828221368,1.484971714933567,-3.3500071877035182,0.33281716817839607,1.2744189134368369,-0.2034680235978414,Transición,"c(-75.9480465719388, 6.66309567992981)",-75.94804657193876,6.663095679929815
05282,mpio,Fredonia,-75.68145870885463,5.888382462775554,Fre,fredonia,0.5599211073104725,-0.09897093042030977,0.15005153034046403,-0.3604219819848133,-0.27208182898561306,0.4759170055353224,-0.40218646713325384,0.1740965375877529,0.38540558882219533,0.3957791651794463,0.3045094481526275,-0.8909609616511915,-0.30749973965070987,0.3904650061361405,-0.03195141887661008,-0.6081292542974381,0.36920899123869777,-1.684669388449262,1.2220550774388683,-0.21176669893980526,0.6584349892851217,0.8132788306761816,-0.0404072293030942,0.7569765119247543,1.1335881021319412,0.48735737393571177,-0.3215542642459126,0.14675510544996964,0.3405822768990844,0.5037231051344737,-0.6193295857743208,1.475090318132003,Transición,"c(-75.679261207007, 5.88769929446339)",-75.67926120700703,5.887699294463386
05266,mpio,Envigado,-75.54426721678229,6.153270262995447,Env,envigado,0.3268181333762035,-0.6692950423780689,-1.5125564327823346,-0.5036841070635105,0.9041706223453222,0.5262850823812938,2.1950371725099775,-1.2018223384363182,1.3298141804057797,1.0851078621514774,0.25363287684201846,3.022367176001726,-0.8424548731520204,0.829067159695676,1.7757165597430968,-0.2736793796191878,-1.1831335506071667,0.9021551710785132,0.7638797294880003,2.4784769031821923,-0.2417761035313213,-0.4861409568588727,-0.1205267023833234,1.8526310462855513,0.026897834700139345,0.5637889064229911,1.2968120333324267,0.8536371206957046,0.8115353287872108,1.0925992432626774,-0.10799681162224674,1.545326930774329,Consolidada,"c(-75.5468691407391, 6.15439477233328)",-75.5468691407391,6.154394772333282
05264,mpio,Entrerríos,-75.56045049867288,6.594134234233711,Ent,entrerrios,0.05537947025630657,-0.23235690552138827,-0.04509931399737754,-1.5184288652256133,-0.06374027611924701,0.028627394576957472,0.37080028444987806,-0.05609994821705378,1.1643341467671409,0.5690120686999915,0.31386635644686217,0.604249813069566,0.030094682901034096,-0.932389740239728,1.0949248451258529,-0.593184306693515,-0.49426034801780744,0.6715845765523644,-0.2918013653371975,1.2667021976017045,1.0279233110206523,0.15627128798243825,1.2713638959050684,1.1066692981677004,-0.2631847658967537,0.5393382161936449,0.09304360231507461,1.0012172367177203,0.3706684628491782,0.9278294269176813,0.3816379094538746,-0.6055941961081263,Consolidada,"c(-75.5591261423255, 6.5946535400228)",-75.55912614232551,6.594653540022798
05250,mpio,El Bagre,-74.66358838394656,7.702429952952268,El,el_bagre,-0.29437499542430595,0.9661983181967931,0.6609789381056119,1.4555864486398271,0.1036940770111455,-1.6664074823070867,-0.18199337541897762,-0.08764190056196094,-1.6376332437871972,0.4246778171599424,-1.10258183064498,0.5975536286837795,0.0174151255206267,1.4453885578589807,-0.7735403139636692,0.10494920586446994,0.08740197316028787,-0.42787198677836275,-0.849801238850412,-1.1951124689240744,-1.2923112480824346,-0.7651680860708682,-0.14486609566884465,-1.3066369724214277,-0.514264963500875,-3.6113590775826228,0.3630845974682715,-1.2665249330666974,0.4995164757292665,-1.288216723720475,0.09329244232945444,-1.735700652345895,Vulnerable,"c(-74.664276312451, 7.70458907872441)",-74.66427631245098,7.704589078724415
05240,mpio,Ebéjico,-75.78360947492115,6.327813263261843,Ebé,ebejico,-0.7919775828225128,-1.218777100945379,0.29170251547623477,0.005504917810162466,-0.29052971039616743,0.1901720109288183,0.07598405848245321,-0.062932310269794,0.9567424890887103,0.5790324204476484,-0.2244186757346616,-0.5110756990336468,0.17909999794274745,0.14787781962881769,-0.9107092987238286,-1.0732507763723058,0.5761496196587221,-0.6980292599092676,-0.9793049212159786,0.2373631025807325,0.27038144286363436,0.9298413703566792,-0.18547194673883402,0.9188605065846188,1.068096480996269,0.4909635066340683,0.10203853505126875,-0.5722426190653823,-1.2721864357171933,0.8376446369837903,-1.5902132219357612,1.7056712332580397,Transición,"c(-75.7833117074149, 6.32644243638302)",-75.7833117074149,6.32644243638302
05237,mpio,Donmatías,-75.36443323910986,6.505640968190662,Don,donmatias,-0.49465864285453337,-0.4015565594224625,-2.5680047823816574,-0.406844704747821,0.01841419907698864,0.2267328935615895,1.193791737047756,-0.483191497874488,0.9469716594925881,0.0016779290291720455,0.7886009014621973,0.5857299973059913,-0.05345600375032556,-1.2125832644488164,0.7296244054249688,0.5568369774682966,-1.6381872229857144,-1.9829692902306886,-0.8085156722433758,0.0847595662298201,-1.5850436904970984,1.1371887222821295,-3.378910429378874,0.6336826786073511,-1.399337138642625,0.5220215524612511,-0.3338178063684892,0.5957481019916875,-0.5819640447251709,0.7724951806999121,1.5115232051368943,-0.07461711157726501,Consolidada,"c(-75.3668377238821, 6.50541411452819)",-75.36683772388213,6.505414114528185
05212,mpio,Copacabana,-75.50078768363375,6.351711758645678,Cop,copacabana,0.2085244192179699,-0.6532842588182065,-1.4826124980631574,0.31576897863141806,0.439279488022782,0.7860760500253812,0.8280042118944819,-0.7667017072309971,0.3751755701838288,-0.19780356478896904,0.747688090906579,1.9825998235426974,-0.2498226638242155,-1.703470135748558,1.7418847656156324,0.033559940052624825,-1.5444499334896657,-0.0077850444176749915,0.5908286406582131,1.6194749962189807,-0.05366012195733899,-0.4141317024479987,0.2676383351539661,0.8174218919815036,-1.2358281832358156,0.532008549505761,0.6748851004817024,-0.11741327663772387,0.6803370739228305,0.4966907160195815,0.9189157785663341,0.8899272771814523,Consolidada,"c(-75.5007561888996, 6.35188113080425)",-75.5007561888996,6.351881130804245
05209,mpio,Concordia,-75.90024563134448,6.056953337209619,Con,concordia,0.42343898429944077,-0.17601122607828906,0.4813264986110817,-0.7199854668322165,0.6771009961921738,-0.9038744817585889,-0.23152370631628974,0.08356193648876525,-0.09139429397085279,-1.690892729955952,0.8103447052569012,-1.1837401831806476,-0.14942837933847286,0.1015894749929159,0.10957672579200195,-0.6876788057778355,0.8274679960792847,-1.0357104141484554,-0.15234420911850935,-0.4387251552292293,0.3428180827147664,1.9448480078074533,-0.46821822233628263,0.1636709106184425,1.3231656964525158,0.49906291586941187,-0.29367480418965763,-0.6171724452089238,0.5485832339959749,0.04313950859433866,-0.4712887963837069,0.5445049222987497,Transición,"c(-75.9001462906074, 6.05746401036088)",-75.90014629060741,6.057464010360885
05206,mpio,Concepción,-75.21726770174642,6.377813571282332,Con,concepcion,0.35235228332664575,-0.1768672232107308,0.5210561820679777,1.791225967544666,-0.9953076541964436,0.02015176417472,0.8647597959130526,-0.4271988583701959,0.8616841465063332,-0.03739437342479519,-0.5447176806484788,-0.49336735094171297,-0.15987510920166786,1.818295818256123,-0.6673150355052101,-1.2685644032670547,0.5052971603549619,1.497559616493968,-2.0296843533260884,-0.2144674065623421,1.9328720984020002,-0.6289228092881257,0.20798927686130428,0.6857818413328922,1.3531993691957038,0.545070846745108,0.2343548150564967,0.9959775780974416,-1.2738733249239997,0.9425891845980633,-0.41380858134013554,1.0176441876788693,Transición,"c(-75.217858117637, 6.37610497509643)",-75.21785811763705,6.376104975096433
05197,mpio,Cocorná,-75.16056248711166,6.007250850943549,Coc,cocorna,0.3121453925882999,-0.30835158605077273,0.034620332158222994,0.6801662271924287,0.22275857426451887,0.8188105973708649,-0.11116019863369148,0.08211268760325784,0.9600976582921181,0.28368133863221506,-0.09674052352845473,-0.04248751684533082,-1.1235143028469794,2.6285944103531125,-1.0874208313315241,-0.2622439434814607,-1.225420781339615,0.15891677285521702,0.04099964308742211,0.23386646863268143,-0.31116116197851007,-0.4085020893659725,-1.1070533051932807,0.11818179544551478,0.556822542165371,0.4128480941130251,-0.30473000375393794,-0.01705901255259328,-1.162823906603097,0.31212776049252966,-0.15496324776735226,0.666630453698453,Transición,"c(-75.1601465938512, 6.00558740779416)",-75.16014659385122,6.00558740779416
05190,mpio,Cisneros,-75.08272207407506,6.553239924643066,Cis,cisneros,-4.197196578932234,-1.1213419386450187,-0.4383304302126729,-0.31530534436208246,0.5720793587434504,1.3893405203431015,-0.0627200183307653,-0.050082336177523085,0.18270855687908413,-0.4665473513002477,0.9905130032090553,1.5938660276140895,1.7834029625973953,-1.6399551237267989,0.0708574657288547,-1.0835013102030397,-1.5661776856822562,-1.638351607652753,-0.31737442593098836,0.026144022836699872,-0.5195073489452283,0.2357671352970836,0.4742279603332453,-0.11349143308136628,-0.733505032618923,-0.0026500971487641955,0.07945428892719976,0.4981822403013579,0.7900488283515288,0.15906880855233776,-0.4859977643454302,1.5679495972006292,Transición,"c(-75.0825410939094, 6.55006539046307)",-75.08254109390938,6.550065390463069
05172,mpio,Chigorodó,-76.6404373820565,7.631141978637091,Chi,chigorodo,0.42343898429944077,1.148971746806618,-1.2024649745721963,2.4149932011624102,0.22736990794373046,0.48315821263874364,-0.18967508301447905,-0.06428532576456329,-0.1889917106831637,-0.7537405124011599,-0.8438987322240128,0.35082438916181086,-0.7749068355448704,-0.2160355874457549,0.09602453235654677,0.34218999556803975,-0.2046285018385696,0.5946185648382052,0.21590072940522867,-0.8952532522440194,-0.8955848483573818,0.03857993709017614,0.8113551242304163,-1.293152959973794,-1.5837536745538983,-1.532989660121244,0.33394334814173987,0.25985263076117004,-0.05356444705004848,-0.341930114421691,0.08275642505641209,-1.645335902499986,Vulnerable,"c(-76.6396350665121, 7.63166272747083)",-76.63963506651206,7.631662727470825
05154,mpio,Caucasia,-75.03518926247135,7.868438265094053,Cau,caucasia,0.4031284983072136,0.0516057624771038,-0.09889786035170402,0.8911392109673706,0.4075336230286639,-1.5626459185114672,-0.4945021555244141,0.007886635602081768,-0.19532966317387962,-0.268672528022793,-0.558969658828317,0.8429245705952166,0.40128400359829225,-0.15411328603674534,-0.37516783545898164,-0.2798350045763427,0.16664218294289476,0.10967165532529805,0.06091479308331754,0.506296902210615,-0.8314162670082832,-0.18576265149321802,1.0432083866449404,-0.2757039540977204,-1.1546683177282875,-0.9979598601880013,0.9154077439160846,-0.12370002614562678,0.7809721186495132,-1.44335113029746,0.3864194653602086,-1.3136391623736543,Vulnerable,"c(-75.0349852061349, 7.86791995066851)",-75.03498520613495,7.867919950668512
05150,mpio,Carolina,-75.30756604138291,6.754026933485864,Car,carolina,0.42343898429944077,-0.041731495362372334,-2.2287628936574504,0.4195355098843142,-0.4537544291111754,-0.027790739814270684,-2.9025822173462177,1.166828874530751,0.6489927079408269,0.794784207406414,-0.23314031484215617,-0.2746410197852656,0.46916397122420533,1.1454811498804192,0.5975844108083196,0.4248821540495465,-1.4897055260840988,0.5765794069984053,-1.1593532134649345,-0.26521340842065166,0.9151661584501946,0.7411051127680145,0.5803348717676072,0.04513062248073741,-1.121341066302385,0.5436744380884826,0.19993288624408095,0.5088690459619585,1.5679077191795452,1.5251450778390077,3.056942539512555,1.7714393861813913,Transición,"c(-75.3059058519534, 6.75482041252562)",-75.30590585195338,6.754820412525618
05148,mpio,El Carmen De Viboral,-75.26349613727776,5.978210403191516,El,el_carmen_de_viboral,0.35581492590839425,-0.9506137470237963,-0.3727677934539172,-0.5696691444929646,-0.6466707801021813,0.29848390795035984,1.2973430314593248,-0.5649745338091237,0.6575245501178034,0.6171830573151188,0.361143286402519,0.7354152373080514,-1.6996205766292025,-1.7662597000366855,1.2334643540931471,-0.32671332111375134,-0.9130313959193715,0.7223525788127757,0.025986144435971307,1.3331874078438666,-0.31810183337518283,0.44597164343523826,-0.5512238730100746,1.3622061840748871,-0.9402999646342849,0.5628464037328764,0.7346579515186468,0.5374821773286466,0.13101629362135592,0.21954046361948404,2.008563157658284,-0.3630919436658866,Consolidada,"c(-75.2635258026602, 5.97807155427262)",-75.26352580266023,5.978071554272615
05147,mpio,Carepa,-76.65715946423613,7.788864134813334,Car,carepa,0.36250752632275934,2.652165582526863,-0.3895549969894749,-1.2826773266207614,-0.15378996889352362,-0.3416802316594176,0.09052509325182083,0.02369298825020934,0.0702874431156828,0.2844618778404523,-0.442959445590855,-0.06297288826318292,0.05955432303872944,0.5929889318191077,0.7800441813661411,0.5031664004372084,-0.6453626201978745,0.79315364362095,0.961739858877643,-0.2587427535305097,-0.2459803143108902,-0.852153595596762,1.6010287304510846,-1.2257905562441422,-1.2910703254797455,-1.0979715038827296,-0.1781331297135996,-0.31392044603415303,0.711576178392234,0.3786941244099601,0.6219356461425823,-1.7614092079949917,Vulnerable,"c(-76.6566792336526, 7.7891755336433)",-76.65667923365258,7.789175533643299
05145,mpio,Caramanta,-75.63239525845898,5.555918217498725,Car,caramanta,-0.8392830655906278,-0.9094389989370659,0.5111766225289868,0.5058222078955302,0.2180434277960258,1.3425278447920408,-0.09035635233178108,-0.27115639688184573,0.213920125343859,0.7376949367584527,0.3498608423407683,-0.38752848304048826,1.2802897540450258,-0.31015177667062915,-0.1769869659020587,-0.625819057205941,0.7277453509953391,0.05050599901032514,1.5173998581310992,-1.0201772237763849,0.797910231889319,-0.6770481686821457,0.7260176472107799,0.4423237444050901,1.8610521251550614,0.5604022227420472,0.6122782335766905,1.6078516238569813,-1.1591447390621317,1.2620285099454835,-0.5140339910237538,1.238379739974126,Transición,"c(-75.6308213172039, 5.55527584244336)",-75.63082131720394,5.55527584244336
05142,mpio,Caracolí,-74.73366777567848,6.336162250890057,Car,caracoli,0.39297325531110006,-0.435436346649726,1.1223404382155702,-0.7090862530449826,0.9748390353775324,-1.0446289557441526,-0.949184649274666,0.388267446938103,-0.26469793275679754,-0.6386132812373887,-0.9094043937507889,0.3628961460280111,0.6222308800130154,-0.4022781223895437,-0.8910284046702951,-0.39798614879642386,1.2944680876995858,-1.5078246768391632,0.005022063566351042,0.2905557676974811,0.29667450164700104,-1.3982391333335034,-1.0477769075352676,0.13447688544115283,0.040031772214234464,0.3626838751189022,-0.1937833439484761,-0.1251496720512438,-1.6549009919773396,0.9669420792522999,-0.46406487349510817,1.1422831475463597,Transición,"c(-74.7335416062073, 6.33797069590471)",-74.73354160620727,6.337970695904707
05138,mpio,Cañasgordas,-76.02658521349967,6.81288679781354,Cañ,canasgordas,0.42343898429944077,-0.36791820812190884,0.8555857566864653,1.6503159085328913,-1.453768988019653,-0.3198401697948699,0.27171794302038504,-0.2887048256775262,0.07415365946409169,-1.1720018361005975,0.12404381794560493,-0.0766733989288626,0.2898665752568877,-0.8862564072618436,-0.6196686714380001,0.46700286747101527,0.7683968676024875,-0.08644616809998638,1.0078132064584713,-0.29204943705545033,0.5823130373099012,-0.4305439209724794,-0.29056471733950484,0.3970554617232252,1.3723880048340473,0.4916667151152684,0.23147196045003146,-0.4647078112312987,0.07720067605751499,0.33473074341662973,-1.3083796161996712,0.4391607976681626,Transición,"c(-76.026896586021, 6.81494007655157)",-76.02689658602104,6.814940076551573
05134,mpio,Campamento,-75.28881522501538,7.037716156016605,Cam,campamento,0.4132837413033272,-1.7931425311492095,0.9329848646430641,-1.4981526195997958,-0.6650591143252962,-0.630597623483248,-0.9191538250802456,0.18754173092018994,-1.203287291989512,-1.8761614353571465,-0.3977688057033703,-1.2180033369168906,1.0023031374687577,0.7290860293777236,-0.5565205119426245,-1.027336200018714,0.8919081072801678,1.1145919121016048,0.20754671321894919,-1.372218107086505,1.84211468375922,0.07053916096772263,-0.6749228599354632,-1.113103689665283,2.2818178883232285,0.10989502940121672,-0.8513475525850029,-0.3291989519982282,-0.8898538484865839,-1.133781368579596,0.14085836967727852,-0.5355457840015395,Transición,"c(-75.2876597923629, 7.03601046047506)",-75.28765979236292,7.036010460475064
05129,mpio,Caldas,-75.62741770351639,6.053784062121476,Cal,caldas,0.4434960534695129,-0.17228200697230783,-1.8933113526465035,0.7004613350944741,0.6064079875439613,-0.8978785963052089,0.8889197914091197,-0.836471311709039,0.6270378685713034,-0.025225014676967906,1.0429614692616567,1.2956723765576137,0.03536957885062246,0.5488696883253171,1.7767610985897633,0.4586494203944078,-1.2808085776992575,-0.3573501182440544,-0.26946569794796227,1.6115537181451178,-1.347521832318689,0.5338707293505313,-1.906430172603507,1.1799354947462402,-0.5483818120478597,0.48262710689294996,0.0817887634782844,-0.8456519893604345,-0.13572468951125405,0.4371418122443809,0.4273985187545028,0.7560920081534462,Consolidada,"c(-75.6264268880191, 6.05444617638793)",-75.62642688801914,6.054446176387931
05125,mpio,Caicedo,-75.99308115459601,6.42100735120007,Cai,caicedo,-0.15240401780608032,-1.7243717917352677,1.1366930489579243,0.42655513381804794,-0.4753212341302087,0.10315454234159407,-0.9678226887652718,0.2088999409912632,0.39233399417751275,-0.5934267354421114,-0.29060068790231286,-0.8550813496773786,0.17685744349457605,0.6816737527145649,0.19504899143516238,-0.38920346092558816,0.5123288540778204,0.056783860763384195,-0.5597376676626465,-0.24162179824956104,1.1217442031066378,-1.7030800233646775,-1.3760520666347122,0.5332099972346585,1.7348934596635226,0.523757286585518,-0.2387868388953923,-0.8061725049307931,-0.54090504238518,0.9409585349611015,0.3571054398886566,-0.649230475337062,Transición,"c(-75.9935115764368, 6.42346184112042)",-75.9935115764368,6.423461841120422
05674,mpio,San Vicente Ferrer,-75.3279847603425,6.310783605303788,San,san_vicente_ferrer,-0.04013947197065875,-0.08790732034820153,-0.6079617324609025,-0.749032503005921,0.023952196304631104,0.49070686202898806,0.3568272626279296,-0.1726245898891106,0.9804411299054615,0.8615385970032486,1.1605686901513133,-1.4681319292068156,-1.0504491382255128,0.933178323423888,0.41040851427379466,-0.6908864785818876,0.07075637171826238,0.016718904515764726,0.6365056880672223,0.024716258007064527,0.9091544214300369,0.5556747005491014,-0.10420584173795805,0.3716803603859241,-0.03571097880013016,0.5218723912106076,-0.337494679844503,-0.28732093186751645,-0.18950087728471313,0.5548445263568269,-0.5881853087320296,0.4655828721793771,Transición,"c(-75.3274012901614, 6.31038592834293)",-75.32740129016136,6.310385928342934
05670,mpio,San Roque,-74.93172497367671,6.449296115781239,San,san_roque,0.37266276931887293,-0.49989595783480417,-0.07298414520726913,-1.6412320164128307,0.6700748644943652,-0.42113156811097147,0.15250709681629213,0.010713547924125415,0.4027531224889635,-0.4878166453680042,0.13139714643834013,0.056299819679617336,0.5367405837616406,-0.7603082528419453,-0.25691251965303524,-0.7787739320306462,0.10383567209031397,0.5837282036571884,0.16236867104189068,-0.20622890108949965,0.5821002550939574,-0.8781575921533704,-1.2781882360281955,0.49909794608067787,-1.359237258056465,0.4488870884523329,-0.22061890036285664,-1.0554174692102951,0.31240182037607384,-0.4157366863742308,-0.3578922991262664,0.24814033567762153,Transición,"c(-74.931852150928, 6.4486762266889)",-74.931852150928,6.448676226688899
05667,mpio,San Rafael,-74.99596096285518,6.310736897214359,San,san_rafael,0.42343898429944077,-0.8923180438925178,0.5993666200944004,2.941014170814318e-4,-0.09886343994130806,-0.012507507483134605,0.6013000304391313,-0.23875164183540148,0.7465604481620094,-0.09459871480042015,-0.422853228891431,-0.7217343246434024,-1.2861747285194645,0.8190125831932566,-0.2846374260382363,-1.202121025374102,-0.4527445879617064,0.9548470514116806,0.4361151815987124,1.006851453352716,0.26546351639977983,0.40212731259858153,1.1678088485819005,0.1804010305574287,-1.2781662140309564,0.31398823292646544,-0.7408848348053239,-0.8589845410770381,0.19918392449882769,0.4779294025076311,-0.19357786878377953,0.6566054829247102,Transición,"c(-74.9985940773614, 6.31074633741118)",-74.99859407736145,6.310746337411183
05665,mpio,San Pedro De Urabá,-76.31629273729325,8.378953443870987,San,san_pedro_de_uraba,0.2406446103693965,-0.9620409614382903,0.3528633201434921,0.7513608254703997,0.06844848310286387,-1.4174614613754328,-0.03981965704250057,-0.1154463255337434,-1.299279600778146,0.8805122350265672,-0.9108631126300482,-1.1416883615015714,-0.9688861282267506,0.8465988456276365,-0.4743855763671967,0.0113723080242902,-0.034643413313207194,0.9313374182966783,-0.13893981077443696,-0.9468640178056829,-0.8774824331876017,-1.2802714548051919,0.15448061655967285,-2.0936869334343124,-1.7782628342533582,-1.050607313808351,-1.1407478725292681,-1.3944226570076548,0.22537633290737627,0.9538931305742329,-1.2699628670233973,-1.0273335557375114,Vulnerable,"c(-76.3166630285522, 8.37912905295818)",-76.31666302855223,8.37912905295818
05664,mpio,San Pedro De Los Milagros,-75.56245148603243,6.458259913274919,San,san_pedro_de_los_milagros,0.3145264981783931,2.6895433242102587,0.6112490526333059,-0.7605363371586619,0.8972437058874352,1.2115218153563916,-3.470622167080167,1.2469273656388509,0.42392946386441877,0.2101789469721447,0.33521363242360736,0.33394348621024816,1.306965282930442,-1.550985444426386,1.2803515875392633,0.12276737780391316,-1.2392349264497506,1.3744375661474608,-0.5822720749511615,0.9358847374853568,-0.2802227512625145,-1.650551479803195,-0.25288551058855346,0.8650993575867257,-1.4343062507615931,0.5173061859886143,-0.45005312779496437,-0.20242856351073693,0.5623277182815732,0.7554683366073575,0.7427951468897499,-0.28400156988354797,Transición,"c(-75.5624851132497, 6.45866677393688)",-75.5624851132497,6.458666773936884
05660,mpio,San Luis,-74.96154989355873,6.014786781351678,San,san_luis,0.18463045869106248,-0.4551528109712967,0.09109802223612763,-0.2211418211741006,0.07685951543498147,-1.184562505776432,-0.08543283199567625,-0.08049393130927979,0.5467610119106875,-0.8345297765608639,-0.35088849338277617,0.3077998734941189,-1.8522704858117278,0.06033245746090522,-0.6736448698112689,-0.13454400616528936,-0.3653422522219259,-0.7137222550294707,0.30048336605441356,-0.25910447930562114,-0.26194777562164845,-0.19236121365286662,0.22949951135064023,-0.1999331223215519,0.32837827292201904,-0.5291744805744101,-2.1947321787683713,1.227911778343163,-0.456527793657865,0.24582829539901643,-0.8057912471263152,-0.3510798615433574,Transición,"c(-74.9620000226062, 6.01451746087997)",-74.96200002260618,6.014517460879974
05659,mpio,San Juan De Urabá,-76.53310241722065,8.707415368423705,San,san_juan_de_uraba,-0.3077385114207364,-0.16330453327196476,1.261515632264198,-0.45037279177063183,1.1698676631247493,0.8481406982936298,0.2783194255159026,-0.057591829814703635,-3.2183245530088183,2.215147033239501,-0.7217136507482548,-0.9131731006034642,-0.695407347055001,2.2035949657870155,-1.3833801249473108,1.5659923897833696,-0.09595558534152235,-0.026679347118904323,-0.3615622576953964,-1.61407651492224,-2.5906545330995185,-0.17970413131396595,1.2155259053501701,-2.343874249572095,0.7297270205148674,-0.9166813127794494,-1.098746809028492,-0.598956336071466,-0.8489720113848334,1.0624596227469776,-0.934547416036867,-1.6284940744244951,Vulnerable,"c(-76.5324858781302, 8.70713891390124)",-76.53248587813022,8.707138913901245
05658,mpio,San José De La Montaña,-75.67671248101213,6.824142763250047,San,san_jose_de_la_montana,0.42343898429944077,-0.1331739650500237,0.7114734072030335,1.0476134976465141,-0.6729412974649583,0.35642581674188795,-1.1447523662140564,0.33871507744685153,0.593883882527528,-0.4928312925011747,-0.13477797502550426,-0.9711097192711999,1.893857158815546,0.948512567217328,0.5132073052485828,-1.8330408033960757,1.2419894041182544,1.9330997841018482,-3.1037287553867796,-0.9127706948450001,2.1766836806791927,-0.09380779049143638,0.6216111883486646,-0.3650471544500765,1.1819413360688324,0.5048958325799624,0.2684553253998397,1.4237618670843932,-2.0637392576437894,0.6263642394552847,-1.0744371584724335,-1.0656486849685232,Transición,"c(-75.6777082335181, 6.82325751142817)",-75.67770823351815,6.8232575114281655
05656,mpio,San Jerónimo,-75.70476186704079,6.43763396073991,San,san_jeronimo,-0.16046107077428653,1.4301355257078283,-0.7307897520691653,0.08607011911666655,0.862693454881765,1.4672387507954283,0.7718720157004948,-0.11166117705951448,0.1592537613751816,-0.21680862216613883,0.7831412774252583,0.5917439316133966,0.06317737328373176,2.052396172095877,0.8299842611994074,0.7427675487928734,-0.5814296350105809,1.1675717813362338,0.17563061597117247,0.33075095780067326,0.5058836638738436,0.10871682809419264,0.04036194459187925,0.7045731949959096,-0.5480350744364555,0.4273608200621276,-0.29099686334035163,-0.3523300473045375,0.37515521037127136,0.41033869962299147,-0.1822420333584667,0.23967760826582285,Transición,"c(-75.703107852086, 6.43829909296696)",-75.70310785208605,6.4382990929669575
05652,mpio,San Francisco,-74.97540254759538,5.882653453275657,San,san_francisco,0.45783890985443354,0.08199552983520207,0.7453222387543286,0.38154274578866787,-1.3888460989960654,-0.7248075061120812,0.25441237104159053,-0.01688032981859143,0.6155487102805227,-0.5514810547237252,-0.8622790493201963,-0.31138053208245814,-1.420483852166488,1.68553285344377,-2.1794111667517293,-0.9016276566662845,0.6549658984987221,0.16219623123120672,0.4846440450933413,-0.01199414827238389,-0.3774230976484915,1.3165689969952215,0.6509789981526117,-0.3915869524365593,1.6122527425128221,0.18506269094170974,-0.34017960660445345,-0.1294428968336456,1.1504655169591758,-0.1776211315023103,0.6201080645021138,0.1976049219087991,Transición,"c(-74.9760307431791, 5.87950342942469)",-74.97603074317912,5.879503429424695
05649,mpio,San Carlos,-74.90834879287338,6.194724829012063,San,san_carlos,0.42343898429944077,0.03931371563188114,0.047039596940542446,0.9289562878656156,0.6677475438116183,0.3644664693963922,-0.23835378127956408,-0.007416809598621683,0.5891776831942631,0.18339138381473558,-0.8260109415224173,-0.7198650155165603,-0.4135728593211784,1.0315523276677356,-0.6431630022520234,0.08547865139393836,0.3437180199144023,0.5483633162816709,0.5109477412861063,-0.1862001236735993,0.6120795336477443,-0.87560872853514915,0.24292217906519636,-0.7456636963869454,-1.1205249332845595,0.19996679515129534,-0.7638284755949053,-0.9499921432199803,0.12989824224552038,-0.2317383071342293,-1.1374697568248289,0.17963398550800666,Transición,"c(-74.9073321744151, 6.19378926334391)",-74.9073321744151,6.193789263343911
05647,mpio,San Andrés De Cuerquía,-75.66413646431629,6.918063951632195,San,san_andres_de_cuerquia,0.17971315239271504,0.7865230228213459,1.837390122799668,-0.1383453593987396,-0.5470174134224959,0.3001204669492414,-0.6592880727241915,0.10376248162326591,-1.474522327473052,-1.7468383812563344,-0.18745859230436238,-1.1607686623952498,-0.42570399450590335,0.6916070625821034,-0.4899956698890461,-0.6433240350975936,1.2670632612831998,-2.186852182896436,0.6054821796100966,-0.5329978252057509,1.272760922738085,-0.14988138899936035,0.033163620403736833,-0.5957289012804918,1.0611228709059815,0.5518227030325071,0.4007902746004017,-1.2103670029203004,0.9409967806673528,-1.1196564599498204,-0.699462566368032,-0.6573224916992324,Transición,"c(-75.6657802565315, 6.91842473430578)",-75.66578025653148,6.918424734305778
05642,mpio,Salgar,-75.9820526877208,5.969482895038642,Sal,salgar,-0.1615773368555429,0.013965983773842682,0.45960131397172754,0.2398128830369196,0.7300646154864766,-0.4004352454120067,-0.02290890553795144,-0.020737418582347993,0.30580804165410647,-0.12707230041844825,0.09280798572219699,-0.04815402811980758,-0.45314069689742503,-0.1210158770399775,0.2679547012105762,-0.25113530994518085,0.8631098062664886,-1.2470977544489392,-0.04060155670856365,-0.5941065647800085,0.23102041220569033,1.7161679471103948,-1.059958712380302,0.7869091458791193,0.6030248947042836,0.45025100884778446,-0.21770967233909735,-0.7099716068671196,-0.12764451914254035,-1.1294251933772612,-0.3295154884842302,0.21206173232188832,Transición,"c(-75.9813680485569, 5.97050114275767)",-75.98136804855687,5.970501142757671
05631,mpio,Sabaneta,-75.60861361962914,6.138205541670269,Sab,sabaneta,0.44048116240657964,0.23105876188314722,-1.5440516452013893,-1.3305865404588215,1.8060673594827688,2.064550550720848,1.7638211261358951,-0.8287187013621979,1.4150161664180951,1.2603723750485036,0.22448260714400722,3.361539269928818,-0.9042595067989919,0.5694743884556513,2.3463938859412607,-0.2423858256093437,-1.5258787943089993,0.30149506493304257,1.013750536699455,2.8279165958982264,-0.5523838453245943,-1.5377588532249857,-1.040063663417053,1.8569932235694884,-0.34533600606914194,0.47167649374355203,-0.4506211316218847,-0.14885239656600596,0.24199408381595028,1.3211217148490007,-0.21379705254155223,0.6820432138395882,Consolidada,"c(-75.6088066260448, 6.13830505475859)",-75.60880662604481,6.138305054758586
05628,mpio,Sabanalarga,-75.79227327581016,6.898565938343459,Sab,sabanalarga,0.2711103393577372,-0.9056220904521328,1.1923363070415551,0.14975214204600243,-0.36064431654459844,0.8729147270362659,-0.9012810742943499,0.3032353289092204,0.25414807732073774,-0.563810554218691,-0.9480167122146372,-0.518656912247413,2.038338288103987,-0.1978415647793608,-0.7398074154152292,-0.5491131927055161,0.9229477350484274,-1.035188013471173,-0.4481319652553157,-0.4614855209181345,0.7788653772893774,-0.4646983901339399,-0.00717147877745408,-0.45413473358998624,-0.3543371989687326,0.38303732152644404,-0.5251826116957604,-0.538560937900032,-0.9065117502375103,0.0011190015547360742,-0.7330037955627088,-0.6570583745721934,Transición,"c(-75.7922312813499, 6.90099075834087)",-75.79223128134988,6.900990758340875
05615,mpio,Rionegro,-75.41294203284635,6.149877287649464,Rio,rionegro,0.39725271015989705,-0.9903758181507817,-1.6305967141613005,-0.6125532680461456,2.131288547471112,1.472663335469092,2.312176689899978,-1.2530066265121986,0.9971207076948291,0.16431317416682237,3.9681596394750898,-0.16173750410005341,-0.984023627536893,0.07763734676538568,1.59795637897697,0.9269872105413542,-1.6202740570706178,0.4068135306665411,0.3183156267449459,2.244945476965488,-1.4231813244313356,0.03762377806003495,-0.11270179096189689,1.3264109693755994,0.6156397183774134,0.6601834862134476,3.2014725436536637,2.024771673898336,0.5797004045264778,0.6745287732958426,0.9020807797915975,0.6452725900676717,Consolidada,"c(-75.4107621160404, 6.1507836261422)",-75.41076211604039,6.150783626142198
05607,mpio,Retiro,-75.51605227675036,6.051256284418432,Ret,retiro,0.18356736597163437,-0.8398159044392058,0.04562330826365981,-1.144098976792535,1.746958476514352,-0.5796324859335337,1.303985503168337,-0.7461496188202124,0.4854106419408355,0.9551163447487175,0.18298580970227937,0.8894950115301433,-0.810454816353118,-0.9384735733563391,0.9768013054735224,1.3448613120511546,-2.5716726951331177,0.854958478677776,-0.3430701338288957,1.5204516763718605,-0.31407285203966456,-1.0735236653030031,0.503984405733071,1.7386595058596115,0.490734633900143,0.5463064662688071,0.2648132393022967,0.05279386545092458,0.1597611666883305,1.101489095005451,2.545514126563053,1.010608980894021,Consolidada,"c(-75.5157390862231, 6.05344115357874)",-75.51573908622308,6.05344115357874
05604,mpio,Remedios,-74.55759481795987,6.999626036737502,Rem,remedios,0.42523628041730727,0.8242713561801764,0.5562095382498454,-0.5720304795552591,1.7070922932911767,-3.249702474870527,-1.4257005529267628,0.3573357673250169,-0.4003968484287601,-0.5321189254908,-0.35483728679266174,1.661926857515019,0.32150347756899617,-0.777333332449313,0.3201659426571528,1.164914117092158,-1.4347126101249978,-0.3115634586079148,-0.7001708496429729,-1.0948516536896677,-0.5043852821370044,-1.3168900307311182,-1.3532345863931703,0.797751171163484,1.1868680160608465,-1.4284446342668204,-1.4354228881039215,-1.02665686836584,0.15657682440682585,-2.2097638715091392,0.8866031770156824,-1.3667260049326069,Vulnerable,"c(-74.5586542687831, 6.99725970555874)",-74.55865426878307,6.997259705558739
05591,mpio,Puerto Triunfo,-74.68491670536943,5.955071068235982,Pue,puerto_triunfo,-0.026548268174410316,1.1953454521952047,-1.269282439189887,-1.2740604222414393,1.7212994127435024,-0.2156636474530371,1.0611975180573308,-0.34165225807187155,0.1055281105833444,0.9896336814213841,-0.21549878836465003,1.9460903500984752,1.418530259607895,-0.9775758151429169,1.168807938925573,0.2532950053017031,-0.47327909361615733,-1.065674940870213,-0.8014436234923462,0.019861654275098343,-1.5511689139252383,0.7017686476526444,-0.24140759071686702,-0.09313258930469448,-0.6249266425382255,-0.19332722932707297,-0.4985008303173321,-0.3668216624043752,-0.051946795796175504,0.8288710301341137,-0.29352183931346015,-0.8223485554707274,Transición,"c(-74.6861942214887, 5.95483055124119)",-74.68619422148875,5.954830551241189
05585,mpio,Puerto Nare,-74.7036375799297,6.126028012303996,Pue,puerto_nare,0.0970628997449502,0.16325272436945884,-1.3130105682735311,-0.09653316263918552,2.0801543102709936,0.006120968893414395,-0.16485468716337853,0.08308496889601416,0.7003785282799851,1.412281000629539,-0.6394870520586795,0.09269816323403329,0.38448950819836636,-0.006786524346987443,0.09822492006464892,-0.03918877139433034,0.8810949715339876,-1.017672026011161,0.6774986746754819,0.3738159173577597,-0.24889697917315837,0.6432446947930567,0.14697293184290686,-0.1306753173993851,-1.0207253028874774,0.10899111594528782,-0.2312821207086183,-0.9621682855758501,-0.4850671332486233,0.836125935740593,-0.7924469516734476,0.12249215807076941,Transición,"c(-74.7031872471164, 6.12653474728385)",-74.70318724711645,6.126534747283847
05579,mpio,Puerto Berrío,-74.52869692662286,6.482510179537994,Pue,puerto_berrio,0.29142082534996433,1.0184897513138846,-0.9281699567457327,0.12749320815167745,2.718449139215523,-0.6116743238313795,-0.11627196572441173,-0.0015565353578623825,-0.5738935304827185,-0.31969597551025597,-0.4296451991662839,1.5291975734241063,0.8786012056334717,0.42968932422044026,1.0149352925224837,0.06472239686683147,0.10605113690329385,-0.2646290607272891,0.29792652143251125,0.21851694381510114,0.3370157850236081,-1.1089584020559622,0.8183854725195371,-0.68024402384757,-0.08105796513538038,-0.3057769446448301,0.004111535654638876,-1.0816024342613817,0.4181380685952581,-1.7506498319345334,1.4519399223037417,-0.1672830178233797,Transición,"c(-74.5287579630776, 6.48190266191995)",-74.52875796307761,6.481902661919947
05576,mpio,Pueblorrico,-75.85686899319225,5.8044141265684,Pue,pueblorrico,0.22033412437716937,0.9007579134424167,1.6893361295109917,0.6602399445331062,0.2947333019266844,-0.1337591890719162,-0.41095157599065824,0.0805078468236034,-0.10097526398600566,-1.5785304740355914,0.818816597767284,-1.55598174811067,0.9047434401400573,0.014004147336415909,-0.6569570079400918,-1.1237032070538107,0.4482247885241427,-0.6467866378645452,2.2580751599672557,-0.28214041730513184,0.995263663445526,0.694902235492549,0.08648551951376408,0.4110954269831342,1.7709465367635717,0.5079613698867007,0.00787632530926931,0.5357962398684929,1.4331769177744609,0.2222800171319284,-0.5811683296328795,0.48583529967990186,Transición,"c(-75.8607637739502, 5.80969932132772)",-75.86076377395017,5.809699321327724
05543,mpio,Peque,-75.88990903552057,7.04469790665202,Peq,peque,0.42343898429944077,-0.803363530450485,2.083767997610401,-1.7310442814419227,-0.6139675423978771,0.2936365087551336,-0.343913295825881,0.08138287921622982,-0.34034812838991335,-0.09595897918773118,-1.130276649429942,-0.5006321117976719,0.2596334523750495,0.9160329391597679,-0.6603486984782,0.030114101262185857,1.4013387144919822,0.13957422507771602,-0.4830004950737347,-0.42243549903567684,0.7795247729316038,0.5148955923646094,-1.7116448807476279,-0.615788699171898,0.9644488484871707,-0.12928590902797782,-0.07202988682374398,1.0642300237202833,-1.8681915485426255,0.6168845572882002,-1.2414604796329691,-0.5259653526287599,Transición,"c(-75.889684002424, 7.04417002063611)",-75.88968400242405,7.044170020636113
05541,mpio,Peñol,-75.22269659707484,6.231819957054269,Peñ,penol,0.3722793511856552,-0.562692119043948,-1.0811001785402192,-0.6079748374077977,0.11489578047911383,0.8554532199432782,0.4903977957486805,-0.16432801119122803,1.1073461901389576,0.5910734221151045,1.8120258764115131,-1.0219965526137662,-1.1793758561877306,-1.4451179445880846,0.09625257910469771,0.21304275796635905,-1.2180725828594208,0.3833768711911109,-0.10028168269327196,0.40239751469544954,0.1573947337350571,-0.8293439052718797,-0.12183810081101477,0.8022023425072213,0.4354265774553328,0.5160564355509812,-0.3749244752200805,1.273521877153345,0.17368517093939284,0.6133012575882104,0.8118384222110161,0.7495082624550751,Consolidada,"c(-75.2235082757114, 6.23239383688724)",-75.22350827571141,6.23239383688724
05501,mpio,Olaya,-75.7759517747996,6.610425422181019,Ola,olaya,0.3421970403305322,0.24804102205263032,0.06428361534555409,-0.3036662900020629,-1.7305594728771099,0.07092532896842603,-1.1089716261324027,0.2587395046293996,0.06357400168451889,1.11186457159278,0.23841375659604105,-1.0389913873975007,-0.8196414066779182,0.032452123811508526,-1.1473212646322142,-0.43976133376229587,0.38483347724614775,-1.089388979347121,2.781964344282971,-0.09717807592189069,1.159072614017081,-0.2157887547460919,-0.07130081640012899,0.6511150504939341,-1.2398523000130262,0.18080197400868758,0.38541510819445945,1.7898565825121378,1.9448580866168206,0.3633276338766524,-0.8059802395477887,0.8602343859641927,Transición,"c(-75.7756713411191, 6.61141635412271)",-75.77567134111905,6.611416354122711
05495,mpio,Nechí,-74.79161333262583,7.99047799414123,Nec,nechi,0.42343898429944077,0.560075884086686,1.5918780571041362,0.046885568907363805,1.4951493868618866,-0.40589316981786816,-0.8787175090618062,0.10176404350403521,-4.216579492924284,0.9888942634138496,-1.4186516704017114,-0.03817986913568427,0.22961983593383758,0.7685188296963436,-1.3743891397371701,0.8144722380316907,0.4897520667865107,0.23627368713545752,-0.19551467682998233,-1.8376089926591554,-1.1994138212913208,-0.619296137852367,0.4551547155350218,-2.0773970489951648,0.896064430851905,-2.9802089958960236,0.36977424669393016,-0.8250116507943648,0.9081624010628188,0.14988893885881954,-0.9563745699198827,-1.532424996822938,Vulnerable,"c(-74.7924264824206, 7.99045577193272)",-74.79242648242058,7.990455771932721
05490,mpio,Necoclí,-76.67891681009039,8.495026735389011,Nec,necocli,-0.09447840850235134,2.497429180943666,1.5635234720373976,2.2942689789223625,1.4106361777010041,0.1752773201997962,-0.29293831435813517,0.07132342246096322,-0.5373512515965916,0.765631756007049,-0.8492985249974906,0.014236743756676652,-0.3893053856477794,1.4367203442479342,-0.9463408927228546,1.3721248587762256,-1.0913147584879914,0.5284387042342389,0.3797873641195651,-1.3646230110289674,-2.3201166937521704,-1.735912721855791,0.1558428365310821,-1.090450629356195,-0.6064189767314604,-0.7022898943831126,-0.6389781104314133,-0.1046687018642383,0.9976059846576207,0.38820179108674396,-0.6527729049355964,-1.4996184272902564,Vulnerable,"c(-76.6769841224831, 8.493719443843)",-76.67698412248313,8.493719443842997
05483,mpio,Nariño,-75.19249763297098,5.582022155674575,Nar,narino,0.2609550963616236,-0.8555786527954913,0.40772178088825456,0.7299816619577444,-1.0711332602165742,0.17239066844634054,-1.4606411038613905,0.22814989616376424,0.07032133606749735,-1.8458367067039152,-0.8750314090383675,-1.2071956659175893,-1.5211884722853408,0.5876235759873755,-1.437744728167516,-0.6846251442404314,1.1851627020689526,0.8116879962561809,0.6626136975509784,-0.0653753855229202,0.8776730636475074,1.5836064182338911,0.6135032013925792,-1.1442823812585325,-0.063475843204871707,0.318129358110081,-0.20732285418836896,0.27205446385406823,-0.17336328849923685,0.07262271687302654,-0.6248850454669658,0.20449480091513178,Transición,"c(-75.1945744605266, 5.5812719870285)",-75.19457446052661,5.581271987028504
05480,mpio,Mutatá,-76.46224454510565,7.329015725832432,Mut,mutata,0.2711103393577372,-0.8473696742909574,-0.27581698489789763,0.0339218749531724,0.28628066469693075,0.23423121391566326,-0.8125337447666566,0.13572162183974323,-1.4669237519760683,1.8448671337837443,-1.3266001746296823,-0.057744531220031224,0.5147564380149648,1.0248404414063799,-0.9838377873064662,4.207581811078514,0.7175658334861827,-0.579125185127984,0.8314487507576205,-3.8121988559865474,-4.054776522940761,-0.9068183870455095,1.804763048972063,-0.9197731445462458,-0.8245605622222923,-1.8200004527679745,0.4099875618451686,-0.3543760616113704,-1.8277883625710807,-0.6414449182351013,-1.3069779683653293,-1.80651642005549,Vulnerable,"c(-76.4630402776504, 7.32954519962689)",-76.4630402776504,7.329545199626893
05467,mpio,Montebello,-75.51920336437202,5.916507908430667,Mon,montebello,-1.191244652082617,-1.0049510313662589,0.9040574865917613,-0.699122624895931,0.5647377402287178,-0.025548384686170465,-1.6293758015310196,0.6591115280966732,0.5040509778216036,0.16505276300598365,1.4138512616192864,-2.529225657869898,1.927067431629198,-0.30203969956156146,-0.9935000226691972,-1.0365400564001124,0.5701072604026282,0.4971001397276796,0.8744265303903004,-0.308350812139552,1.2123558652426203,-0.16737043612212604,0.4032461377130184,0.4545075203019467,0.5767697352695192,0.5102445082391018,-0.1813494249916222,-0.8229531261749551,0.9834902750553257,0.33681186132898777,-0.7306215447920841,1.538932423114771,Transición,"c(-75.5197261808957, 5.91685287704604)",-75.51972618089567,5.9168528770460425
05440,mpio,Marinilla,-75.30769061033766,6.181693631225957,Mar,marinilla,0.5414783074640583,-0.4159345726998515,-1.6757411534418463,-2.190101423182182,0.5851096788341097,1.0935915631055029,-0.3461373601818119,-0.12675874431912484,1.1103749322269023,1.1029441924488603,2.6990372113923455,-0.7855041735128246,-1.158248156350285,-0.9243959515252737,1.1621856146643892,0.5948120342867831,-1.2449131027930822,-0.44549067230760075,-0.03804481153302177,1.0733250645420438,-0.05529777457882956,-0.1891271354075826,-0.628272493027887,0.9905299054672326,-0.8122906926521941,0.5373448100601614,0.04390549099254354,-0.13408023476599848,0.6915368514838159,-0.015426611543832677,2.6268097989680896,-0.02815787436150607,Consolidada,"c(-75.3048808094047, 6.18520342322878)",-75.3048808094047,6.185203423228779
05425,mpio,Maceo,-74.71442904580445,6.534391550986349,Mac,maceo,-0.07241634621476156,0.11625727416132363,0.02201386043928158,0.7656229005163261,1.0190654008820437,-1.16478979698894,0.6867721996033671,-0.28212548493155426,-0.5866638248158182,0.28008035815383425,-0.03182861633483827,1.106458040220907,0.9114354703296769,-0.0886186642300395,-0.86145997488696,-0.21228869207232057,-0.16316115005519283,0.7348850729445269,0.9723596540777387,0.479358504093807,-0.0052529533387081296,-0.04537751645906603,0.8211711356374227,-0.4640469076015817,0.1569524289690612,0.3436966291730187,-0.10059304528082533,1.4253726606149233,0.3232572750737904,-0.5085507740487503,-1.5485758122767523,0.3169879750143753,Transición,"c(-74.7141154609166, 6.53457203090109)",-74.71411546091657,6.534572030901095
05411,mpio,Liborina,-75.78253022419172,6.724089512176238,Lib,liborina,-0.8233110742499761,0.13593737143611054,-1.2703276253123421,1.578160219163412,-0.7194708585555342,0.20467281857846847,-0.38561166760731125,0.10138784429765257,0.23216436477047836,1.17089136163006,0.5606114598323619,-0.6655453158745521,0.5627548515406098,1.298853439862958,-0.5811882245315635,-1.251471828583437,0.36326432162148475,1.351742442117186,-0.7183003057524537,-0.04883706170935822,1.1269369171247376,-0.9385494827020805,-0.09823996587931107,0.43158617381135467,0.1794582794277629,-0.32738734833500127,-0.06409234201200394,0.38661134004874137,0.2537033449919906,0.7912127941253342,-0.9189997733213918,0.7218945389318825,Transición,"c(-75.7829997522824, 6.72398939943941)",-75.78299975228241,6.7239893994394055
05400,mpio,La Unión,-75.35545202261368,5.939623738785881,La,la_union,0.03841996425102681,0.11261790158614562,-0.009105800865220661,-0.4735930939024759,-0.2473951743694194,0.7283857407617668,1.8989193245076312,-0.5833537813999555,0.6524981292445908,-0.24317241519108673,1.1084930573207363,-1.3817211564926446,-0.5416899846762449,0.7496410769169558,0.9760661329256621,-0.01039950670573939,-1.373256161456592,0.16792539000576676,0.6113460911372043,0.6582039444022523,0.7618100518798329,-0.6616370176028002,-0.8116728963385809,0.44030479647561,-0.4521766666212168,0.5095143315542846,-0.34360739135613966,2.9749074885078883,1.085093612669318,0.3527436903669236,0.43798387359350804,-0.11296100349973183,Consolidada,"c(-75.3542888491893, 5.94043304988586)",-75.35428884918926,5.940433049885864
05390,mpio,La Pintada,-75.6012489362065,5.744742604571764,La,la_pintada,0.17971315239271504,0.8353724728815247,0.14642084220662646,-0.7584218789607599,1.7777852125280735,2.8031893699020594,0.4616041627214986,-0.05831408638309414,-0.87226324032575,0.42107009743083895,0.8983147552544062,1.7558752553894899,2.3213340424087003,0.3125636816401394,1.6687457953109524,0.34407020147543044,-0.24386660059537896,-0.014572723112823805,0.7036830456056133,0.08037495522196543,-0.23494874455878967,1.0106095579473275,1.3426388042018504,-0.816201933344793,0.792262727920363,-0.33846406799933626,-0.059608967560294365,-0.16461577497440116,1.3302542256998817,0.37709511477469276,0.3885351638970953,-0.2647024174872136,Transición,"c(-75.6022023773172, 5.74658200436863)",-75.60220237731718,5.7465820043686335
05380,mpio,La Estrella,-75.64810139058127,6.137991524064695,La,la_estrella,0.34959739488583774,-0.3866232455469916,0.10989847053989704,-1.5914335906271273,0.22405338458924012,-0.11476212509262218,0.6100794817636104,-0.8722254258692836,0.7074103988488524,0.9577737902313141,0.3112247646818435,1.9819217485698113,-0.6028392955130994,0.35167802398435577,2.135930132182993,0.9261910792722139,-2.7990840631629488,0.31023493126155083,1.0293583378969338,2.2145330716225358,-0.9700096243310131,-0.7495468059796231,0.48026161161943864,0.8894241276638438,-2.054611080772093,0.4561999031069822,-0.5523795259463994,-0.9174599709233656,-0.006619167562474921,0.9747068316417202,-0.08400511391582526,0.6986396673396813,Consolidada,"c(-75.6489552529546, 6.13759687055159)",-75.64895525295458,6.137596870551593
05376,mpio,La Ceja,-75.43030891759122,5.992683613466378,La,la_ceja,0.10579829275949924,0.03171223893939888,-0.6217016970426543,-0.10955618775855241,0.19141462450893598,0.34408149899261314,1.8309617800151343,-0.8704657824828883,0.6474210043872985,1.0278731672311854,2.3204113232356822,-0.2091829661005309,0.005039612327851499,-1.2500561392295253,1.312714248144141,0.11271623391334519,-0.7205029662292118,1.3083618243677264,0.3559328633594421,1.2735797752886573,0.10128815265697984,-0.8835462330015542,1.4272865740496807,1.5409917823781156,-0.5785801480151794,0.6473328336898477,3.045221053948666,1.353065764561989,0.7064830782700373,0.4737295688449651,1.3803044140799563,0.6733157372829275,Consolidada,"c(-75.4308716001901, 5.99252254523373)",-75.43087160019009,5.992522545233734
05368,mpio,Jericó,-75.76652053319022,5.769306937190637,Jer,jerico,0.10441289702070367,-0.8078794806513352,0.8968366465669346,-0.15546511679247646,0.2015052706449025,0.4717224941673126,0.4951803452296714,-0.25477330274786514,1.0191137801453813,0.5282641684376801,1.3113459648908632,-0.17736731077644313,1.2042192536669156,-1.1717339753385971,-0.24906871041239967,-0.14779550572897673,0.3799369812664158,0.7752871400569797,-0.5787429811702967,0.22577741839320853,1.1447971316964098,-0.4186773610215259,0.9466518936701902,1.2008881288712958,0.9444677293317488,0.505382929813071,-0.2890677017338725,-1.0409925260112578,-0.5595043687416645,0.9780491186316306,0.32252715476581645,1.3376408590459945,Transición,"c(-75.764885497584, 5.76981828599691)",-75.76488549758403,5.769818285996912
05364,mpio,Jardín,-75.819185587939,5.572321859802075,Jar,jardin,0.47142464990085514,-1.1596200898652218,0.581111151924576,-0.4495374900017174,0.16170244548719914,0.7274113329714026,0.6505575177819661,-0.21089277649955476,0.7447935716483405,-0.1123555152717876,0.45604721674512083,0.37539671303321914,-0.16857005623335106,-0.7845131009426293,-0.1398929669068285,-0.5901229680277109,-0.08242606387578454,0.9822946700501921,0.6332902192287527,-0.06473249622349604,0.15506834447792786,-1.054784243989476,-1.1530749400319171,0.6907834273482885,0.23667084495010865,0.48739199601794797,-0.25219849456898397,-0.9301406679838595,0.10348300889910064,0.12254694490377599,0.3672746700492382,1.053548155366045,Transición,"c(-75.8184273428822, 5.57444276018341)",-75.81842734288222,5.574442760183413
05360,mpio,Itagüí,-75.61545770302317,6.179161031636978,Ita,itagui,0.240633958592716,0.043988438611263676,-1.5017003346893143,-0.5784918871333603,0.9155713506066145,1.395116140990089,2.4841110365735766,-1.3354223010406943,0.882100512659798,0.8395890142115967,2.6792514908709877,2.1904116557404563,-0.25067231003923507,0.3834238330012054,1.9927039543425191,0.05592299656251779,-0.9881617369540895,0.10973048391599684,1.0076816790582375,1.5786955923274997,-0.33578357698959177,0.030035100231177694,-0.2974877019081841,0.9439717025906017,-1.2641813626776859,0.5047856560486393,0.20222246718049952,-0.37362481178292456,0.33511753037650266,1.1621698307996409,0.5904547200758001,0.18792143467110856,Consolidada,"c(-75.6142040342462, 6.17927949713332)",-75.61420403424623,6.1792794971333205
05353,mpio,Hispania,-75.90414133833437,5.793765480968364,His,hispania,-0.02146729029229351,0.9500550122990992,0.7725137576009243,-0.4955605091351234,-0.35620299270750916,0.21365926409332403,0.41993840533181925,-0.09946524718754675,0.2108851274706967,-1.732820157869111,0.30021250384934023,-0.7106841733149374,0.26867729159231085,-1.5575997205873267,-0.20089354913576135,0.4246053506238205,-0.37848635619184545,-5.09114105656235,-1.6364715934659728,1.3440229156249048,-1.8892550069349234,1.5870303023138344,-0.3418075323151658,0.11665575536837594,0.7013843577631405,0.5281076654580706,-0.18379313606379014,2.3288871216039575,-2.231484679882717,0.2294505319662465,0.15075135322713143,0.6118510948606403,Transición,"c(-75.9066923730284, 5.79703852711085)",-75.90669237302843,5.79703852711085
05347,mpio,Heliconia,-75.74849458320183,6.213585984409352,Hel,heliconia,-0.12159205636413385,1.3505851946636118,1.5524401049914331,-0.39925892034699806,-1.3856699220712947,0.14319522667394644,-0.9691144070496617,0.26852006124094385,0.5769788079705671,0.3560859729081136,0.22833555953740817,-1.060062572088232,0.5686464053727144,-1.2865495921610435,-0.061707501296040655,-0.6908968304157543,0.2653424554114487,-0.17960023857260804,-3.537492574338383,-0.035909676782026674,-0.2247192472717463,0.5677911342143541,-1.0783513292378288,1.0837783120998463,0.7539679484553246,0.4789895048285473,-0.709763490896859,0.8340220456905297,-1.1273481510599668,0.25212166270613645,-0.18781192797239005,1.3480829556113527,Transición,"c(-75.749708761694, 6.21451123469841)",-75.74970876169397,6.214511234698406
05321,mpio,Guatapé,-75.15906120952536,6.244397081847873,Gua,guatape,0.1361461546320077,-0.31979645000976475,-0.5611553387900475,-0.3539251460499078,-0.03220255571236896,0.5536908911948843,0.6804509937093378,-0.07785258568703544,0.4734148378861567,1.3558368954563265,1.381796872669365,1.182347262510466,-0.12170692015984423,-0.9441090945474343,0.6740531561966698,0.4996553331623177,-1.9418832653755178,-0.07089616461970412,0.6357985893022696,1.078025782297043,-0.38748720951213333,-1.0070124871823993,-0.16510350423592413,0.6449891317536703,-0.16630057480859564,0.4797209023251419,-0.2215703456968754,3.0311693740901635,2.347056830336199,1.2728608539679833,0.7925581830504441,0.8745494778023798,Consolidada,"c(-75.1585195703272, 6.24577314767535)",-75.15851957032724,6.245773147675351
05318,mpio,Guarne,-75.43763944108595,6.267760690627175,Gua,guarne,-0.11563571374874668,-0.5402781273595728,-1.1094345040244646,-1.034114518609127,-0.027518947743093162,-0.42380954319336894,1.7426524445920686,-0.9299877409780823,0.6145542395292695,0.620029434124191,3.011279044709995,-1.0340486269921914,-1.4174281883194697,-1.1538268014529776,1.080999386964129,0.04677695606215535,-0.9165259890284789,-1.0991341906972814,0.056181979460168376,0.9815882386242596,-0.10552309159111817,0.7342643523379927,0.06941136844199562,0.7888978579794984,-0.3402141537157745,0.674277022322684,3.4737440608312617,0.6496345107558847,0.41279045891573635,0.5324278658580193,1.7478239372033406,1.0153463292079885,Consolidada,"c(-75.4373091615896, 6.26662411523886)",-75.4373091615896,6.266624115238857
05315,mpio,Guadalupe,-75.22530621962781,6.861026442399097,Gua,guadalupe,0.463181415099942,1.5610057609791566,-0.9827495863568548,0.19510177239726195,-1.8390349683952218,-0.9584964676874645,0.0758961676627073,-0.17201057865556763,-0.04415664168293893,-1.6663199850423382,-0.4334202065481722,-0.8667470567867356,0.16137502180372967,-1.3627714340409134,0.42704577289143875,-0.5014741306046866,1.2642118473092125,0.9449870621603571,2.477574629347609,-0.255765263284152,-0.05326435054854253,1.4908341554031845,-0.17064709700088723,-0.2950127360971242,0.39714463735875494,0.5086962842736417,-0.181977044796855,-1.6218499847131171,0.9003516539478056,0.4418203533122563,-1.0535812437878573,0.008588237841748812,Transición,"c(-75.225914644284, 6.86157439815229)",-75.22591464428402,6.861574398152285
05313,mpio,Granada,-75.12679556191235,6.12243422302496,Gra,granada,0.31173131134219145,-0.34250030070819476,0.9291851785777391,-0.02566463013743104,-0.5571603310107842,0.2660517310460092,-0.6571866770160059,-0.05182507244605804,0.7578825014818132,-0.3719767150425834,0.19499595789815483,-1.6264115207308258,0.13622696268735354,0.40470879890354894,-1.568227384794744,-0.7872686110294819,-0.28208334045979505,0.2582718563107658,1.5562808629498515,-0.4577215899668811,0.6789632023810599,0.22327176895423304,0.06324969943053388,-0.6300952816746115,-1.257887156861128,0.5196769463425691,-0.39161311186700165,0.42661676178695507,-0.24854848256310283,0.03357575617305208,-0.8810418198948081,0.0909803322444959,Transición,"c(-75.1276348334645, 6.12337851665155)",-75.12763483346454,6.123378516651551
05310,mpio,Gómez Plata,-75.1922196847316,6.709320350591201,Góm,gomez_plata,-0.8169089699052714,0.823535896260434,-0.7785836076355183,0.28702701769289707,0.49713144710432344,0.07475323540078767,0.02844170392826803,0.03639496153361691,0.3780647360789637,-0.019644357023429735,-0.6762658452974557,-0.03611974094424922,0.12307055363750485,-1.2887952594078242,-0.3081219851259922,-0.6552132318015302,0.7724305228131207,0.6009402743290373,-1.1115540945399853,0.6902325689215877,-0.0788509496757285,1.3985962730666195,1.6221591957417245,0.3871078973931776,-0.9303411778365691,0.5269296219984919,-0.2128322915510866,1.0137010118364354,0.19221622843918362,0.5766702652796417,0.02410607571649541,1.281919755301453,Transición,"c(-75.1927042859925, 6.70955702948868)",-75.19270428599249,6.709557029488681
05308,mpio,Girardota,-75.44547717784441,6.380937720313014,Gir,girardota,-0.22285780192153085,0.24222423546143915,-1.855513287053665,-0.20976435815367986,-0.46052229693796637,0.4202818019730305,0.535324290470208,-0.5503871994131112,0.6888987302019784,0.1391490543426927,-0.2514776451064176,1.6547630893856689,-0.5823776461051869,-0.05988639731679718,1.5987956460541843,-0.04564289824061882,-0.562703685526348,-1.6990927705404781,0.3560453622410213,1.1612003172277112,-0.2819161759907737,0.45164724426095315,0.003668731118586294,0.9070673706647595,-0.3046485795740345,0.5575104497039681,1.2365884710810364,-0.3972594959165711,0.03575257720121688,0.45794069938454973,-0.3471044061059401,0.552289461877852,Consolidada,"c(-75.4479565054136, 6.3797447517548)",-75.44795650541356,6.3797447517548
05234,mpio,Dabeiba,-76.31485465818015,6.992815188030559,Dab,dabeiba,0.38281801231498647,-0.6653565946835911,-0.46803508491255563,2.3108370711420694,-1.3363910885694799,0.1306843852349177,0.11601821821450878,-0.12447584410245584,-1.6309694783520619,-0.8041595064848582,-1.1180467492251587,-0.39432689090691675,-0.13084291313283922,1.1336633502124314,-1.9287894720295458,0.8111178817871927,0.6199921940925016,-0.8085091536932689,-0.46210856556519375,-0.7895069946848526,-0.9907727444354919,1.314333911224926,-0.5114989793754993,-1.7949357029967463,1.2270515501924983,-0.5447530729084638,-0.34353887176568343,-0.9289546526758774,-1.0843892754078779,-0.6419716905134978,-0.6435331382632246,-1.280829608542698,Vulnerable,"c(-76.3143005112613, 6.99224590697329)",-76.31430051126128,6.992245906973289
05284,mpio,Frontino,-76.3325917162759,6.690682802173942,Fro,frontino,-0.33443920008655365,-0.7640332681189584,-0.09216948801045936,0.8436286505442532,-0.12138367533482404,0.6952998221490345,-0.3278344568060574,0.16963084050183197,0.2069430792752771,-0.648973324776261,-1.2948709681896606,-0.049302145143665974,-0.14403393296057834,-0.712054255766532,-1.3322532190012517,3.3317191662234658,2.002073706868447,-0.6690201165778414,-0.2520408033033769,-0.019230462159818683,-0.42388241217234096,0.5222036737389257,0.10377870152065449,-0.03865704632874134,-0.3078544181352075,-0.39830148402506316,-0.03776177020520074,0.19335654408977068,-0.16000183495565987,0.38926555404182195,-0.7016932304713343,-0.8439507181744583,Transición,"c(-76.3320125739662, 6.69136317300337)",-76.33201257396624,6.691363173003366
05361,mpio,Ituango,-75.8492761465263,7.303221226436189,Itu,ituango,0.42343898429944077,-1.3893348852713638,1.4399741306956757,0.555179156596187,-0.8654264856682624,0.5513578977486064,-0.5290174154738269,-0.011393309886185515,-0.4571243686355064,0.8716574053819631,-1.7871674232455912,-0.4017832514086099,-1.018621081906177,-0.941680875110963,1.0675034879700762,-0.34471250375804235,1.236721174689763,0.020560351416226696,-0.17232448461039757,-1.0330349162293468,1.0937261950337298,-0.09528693379509322,-1.0604849915930394,-1.0023135700687098,0.44353307269314113,0.2974349873073801,-0.4070464856569847,-0.6855484122130604,0.6450781770554855,-2.1895685737824433,-1.2472508693582551,-0.6535672768779999,Transición,"c(-75.850380371703, 7.30297205431074)",-75.850380371703,7.302972054310735
05847,mpio,Urrao,-76.25979960615834,6.336154651693728,Urr,urrao,-0.43828807287028504,-0.3560270184160954,-0.295474604150396,-0.21907340771734773,-0.5870383622622993,0.18924265242166735,-1.0774926240967433,0.23212623255824755,0.5018288650667623,-0.936040731760456,-0.8751435126242113,0.6461950865089899,-0.7413294428556017,-0.6482795380624303,-0.5551939800462325,0.3357663859776883,0.3337640436462838,-0.7940259762748344,0.3954169010625296,-0.8548707481463041,-0.7730452938036027,0.19679565529311122,-1.3432408172476042,0.6339303216385594,-0.9108688270106817,0.03178589134931874,0.1339321931759362,-0.6446411078982563,-1.495343746337381,-1.4286158525547092,0.26975444291019324,-0.4262477798374776,Transición,"c(-76.2590376258214, 6.33532689768767)",-76.25903762582136,6.335326897687672
05475,mpio,Murindó,-76.70783782975408,6.828033184677589,Mur,murindo,0.27587824681186623,0.029243890444963238,-1.057233934569329,-0.957621603565231,-1.4542647539330589,0.8264511181060769,-1.3608018299310232,0.3735210027909781,-3.8496851414147275,2.9191513677818657,-1.9560458929174014,-0.4749701567176359,-1.19068856069522,1.7020235664550716,-3.4839992959521946,4.6653119890657075,2.4652831856045907,2.5067764908316423,0.9227787862263048,-2.594663868132855,1.0181527895518327,-0.24263519587192783,2.810856373638819,-2.961308580693608,1.166262908590023,-3.4726279920582486,2.1087802379478875,-1.058159878075271,-1.3714274469896153,0.452821429632063,-0.7896400917939476,-2.716952867028563,Vulnerable,"c(-76.708621752752, 6.82875912638554)",-76.70862175275198,6.828759126385542
05873,mpio,Vigía Del Fuerte,-76.69390431189592,6.45213966098224,Vig,vigia_del_fuerte,0.27587824681186623,1.6540416988361337,0.48545640877912377,-2.6762266153790755,-2.3132891503625466,0.5418011556909287,-0.07285711605438187,-0.11880281076095402,-1.342284209834852,-0.026673137042149735,-1.8749516995715851,-0.441844658107151,-1.3910543892890062,0.038933249635377074,-2.5818499941181576,4.018045675634948,2.64131480331277,1.2485419063228809,0.5173655329407317,-0.19705553205821683,0.543921001250183,-0.4869540382329978,1.555402957168138,-2.877352023532743,0.02561932554161973,-5.536870042191994,2.9511244060407753,-1.8983454672004667,0.7908549510416766,0.21214943094161598,-0.3208861086395197,-2.099824318058761,Vulnerable,"c(-76.6950023487018, 6.45331218613787)",-76.69500234870185,6.45331218613787
