nivl_vl,id_nivl,nvl_lbl,X,Y,code5,depcode,nvl_vl_,nvl_l_2,nvl_label,idx1_servicio1,idx2_Adultez1,idx2_Adultez2,idx2_Adultez3,idx3_climatico1,idx3_climatico2,idx4_Capacidad1,idx4_Capacidad2,idx5_viviendas1,idx5_viviendas2,idx6_crecimiento1,idx6_crecimiento2,idx6_crecimiento3,idx7_gini1,idx8_demografica1,idx9_infnin1,idx9_infnin2,idx9_infnin3,idx9_infnin4,idx10_juventud1,idx10_juventud2,idx10_juventud3,idx10_juventud4,idx11_pobreza1,idx11_pobreza2,idx12_salud1,idx12_salud2,idx13_saludmental1,idx13_saludmental2,idx14_seguridad1,idx14_seguridad2,idx15_vejez1,sub_grp
05893,mpio,Yondó,-74.1591850871306,6.924952641125988,05893,05,5893,Yon,yondo,-0.5583944993482632,2.7048305208838967,0.7570613136157706,-0.7796743630820435,-0.07395473742768682,-2.079832691252757,0.360007163721142,-0.21817263799248968,-1.2664661905328924,0.06763718471073543,-1.162758104838156,0.18754105153057085,0.5081232761521252,-0.17003700561289067,-0.7186396464217744,0.5844360464457495,0.7608683440142858,-0.6016675092577786,-1.282689679615362,-0.4835323059299833,-0.3147068074554234,0.37134710968667206,0.69409460445686,-1.3382370765669267,-1.061694408430716,-0.2206177500072056,-0.17266473905530252,-0.9033678218995863,0.565452970863814,-1.519000369805249,1.1490422891444456,-1.320133545314949,Vulnerable - Alto
05895,mpio,Zaragoza,-74.85727639831647,7.474121234219121,05895,05,5895,Zar,zaragoza,-8.736590198195003,0.1945388877772947,0.3756586941297117,0.23781207547042704,1.6230691301004252,-1.136031142733794,-0.0619963302808434,-0.16371810253092653,-1.4409054502450294,-1.2602837894632701,-0.5737217332379937,0.4622940629183865,0.10425194926124812,-0.3225439843302167,-0.8869102992890101,0.9515369860316735,-0.8123376809259215,0.25700867473164807,-0.2522595535715111,-1.3361098684308321,-1.2976972483348828,-1.6564705891511236,0.37300727704947806,-1.4128934044260864,-0.6657804700202916,-3.2177656515281314,0.4238045706731914,-0.25307683315487606,0.14153006123121092,-1.047975089096274,0.5527914942743569,-1.8842218827664232,Vulnerable - Medio
05040,mpio,Anorí,-75.10780220695464,7.193963891656249,05040,05,5040,Ano,anori,0.5393934160042411,1.1551395356937646,0.9586308443234505,-0.08881123213466553,-1.4549570723765541,-1.4295259423159805,-0.9008549984430936,0.16827211624253705,-0.474431899514124,-1.9987688182482681,-0.8877483187243682,0.5463957385387096,-0.45794898227713504,-0.001568275662444221,0.06585936191502866,-0.5478941918500282,0.2776967999892542,0.03335699194600831,-0.04350505274435402,-1.67695248580482,0.8678775990780236,0.6460703849654942,-2.4919951058703957,-0.11790150241030167,0.20402479349754568,-1.202411513456126,-3.2156831223246773,-1.0829479655502456,0.4451919937050358,-3.9553856434427854,-0.08724842911782209,-1.3081186274317647,Vulnerable - Medio
05045,mpio,Apartadó,-76.56706680254926,7.897074436040532,05045,05,5045,Apa,apartado,0.570076350306586,0.8616709542825804,-1.5589492749548415,2.9890903499464545,-0.36785606698826423,-0.751462238577437,0.40409185064827186,-0.29727863075264127,0.3446090318772352,0.865535384118531,-0.6371330896616654,0.6432407737210177,0.06993431945093403,-0.38236652829164414,1.1605199500170504,0.20689753610332973,-0.5990889657930977,0.691154968617624,0.5200552689516891,0.6578095723342425,-1.004179219037384,-0.8902597139572563,0.8392270857877973,-0.622867390861736,-1.637753634560333,-1.0050575915767135,1.411892752363029,-0.5225917114427182,0.37802125454536517,-0.5293979056822975,1.6080354489133961,-1.597801780816918,Vulnerable - Alto
05051,mpio,Arboletes,-76.41522867595302,8.612251717517433,05051,05,5051,Arb,arboletes,0.33204179733441863,2.2406993773018473,2.338950246282719,0.49009034706451077,-0.6005929834588213,-1.837218038313012,-1.3360645340422588,0.36034561582170227,-2.986852500056556,3.1494383042573357,-0.9579791875387863,-0.8805246194396955,-0.21239561519842942,-0.026378280598389987,-1.0978572342244874,-0.023888981882311894,0.25092861661107496,0.7040527926349445,-0.7456385439426668,-0.8443866214237766,-0.784655008478517,-1.1161862703181453,0.43847277370887955,-2.9561928848528023,-0.24777940948276242,-0.15080615208883372,-0.6213292800183662,-0.8601554535513934,0.6301186286475082,1.0155719846066071,-1.2123208903064822,-0.9467388065898883,Vulnerable - Alto
05120,mpio,Cáceres,-75.22433705064566,7.665837684237721,05120,05,5120,Các,caceres,-0.10426747094189744,1.359484165263291,0.5241023081842991,-0.12652622498617475,-0.942115861655213,-2.0867674815019712,-0.36612381667946753,0.05864810601821749,-1.2456131568437023,0.29114973639442265,-1.109697098430354,-0.11724329704450692,-1.2643288059308615,0.08684636608322034,-1.3029427710849113,0.9321981633918094,1.0176043938651942,-0.7107365791597416,-1.1336748913090937,-0.9598419617227542,-0.6324822126754711,-0.03862789514893609,0.3144276009420563,-1.5316819523669007,-0.08292861808394575,-0.9099488874430023,-0.2088912546764689,-1.2945183871750146,0.7501257861207627,-2.1927554660550337,-0.8123303204505697,-1.4827720366849688,Vulnerable - Alto
05147,mpio,Carepa,-76.65715946423613,7.788864134813334,05147,05,5147,Car,carepa,0.36250752632275945,2.652165582526863,-0.38955499698947393,-1.2826773266207634,-0.15378996889352378,-0.3416802316594181,0.09052509325182022,0.02369298825020964,0.07028744311568269,0.284461877840453,-0.4429594455908553,-0.06297288826318255,0.05955432303873176,0.5929889318191078,0.7800441813661412,0.5031664004372074,-0.6453626201978753,0.7931536436209495,0.961739858877644,-0.2587427535305098,-0.24598031431088888,-0.8521535955967615,1.6010287304510655,-1.2257905562441427,-1.291070325479745,-1.0979715038827282,-0.17813312971359993,-0.31392044603415287,0.711576178392234,0.37869412440995937,0.621935646142583,-1.8152992468469347,Vulnerable - Alto
05154,mpio,Caucasia,-75.03518926247135,7.868438265094053,05154,05,5154,Cau,caucasia,0.40312849830721365,0.051605762477104286,-0.09889786035170509,0.8911392109673703,0.4075336230286618,-1.5626459185114652,-0.4945021555244142,0.007886635602081823,-0.19532966317388037,-0.2686725280227926,-0.5589696588283164,0.8429245705952174,0.40128400359829364,-0.15411328603674573,-0.3751678354589815,-0.27983500457634286,0.16664218294289557,0.10967165532529817,0.06091479308331655,0.5062969022106157,-0.8314162670082832,-0.18576265149322052,1.043208386644984,-0.2757039540977204,-1.1546683177282882,-0.997959860188002,0.9154077439160843,-0.12370002614562657,0.7809721186495131,-1.44335113029746,0.38641946536020627,-1.349230052260261,Vulnerable - Alto
05172,mpio,Chigorodó,-76.6404373820565,7.631141978637091,05172,05,5172,Chi,chigorodo,0.4234389842994409,1.1489717468066192,-1.2024649745722,2.414993201162407,0.22736990794373094,0.4831582126387432,-0.18967508301447822,-0.0642853257645637,-0.18899171068316425,-0.7537405124011595,-0.8438987322240127,0.3508243891618107,-0.7749068355448703,-0.2160355874457549,0.096024532356547,0.3421899955680406,-0.2046285018385688,0.5946185648382057,0.2159007294052261,-0.895253252244019,-0.8955848483573818,0.03857993709017603,0.8113551242303677,-1.2931529599737948,-1.5837536745538978,-1.5329896601212423,0.3339433481417393,0.2598526307611701,-0.05356444705004866,-0.3419301144216913,0.0827564250564112,-1.6801529679583573,Vulnerable - Alto
05234,mpio,Dabeiba,-76.31485465818015,6.992815188030559,05234,05,5234,Dab,dabeiba,0.3828180123149865,-0.6653565946835899,-0.4680350849125581,2.3108370711420694,-1.3363910885694796,0.13068438523491865,0.11601821821450939,-0.12447584410245614,-1.630969478352063,-0.8041595064848553,-1.11804674922516,-0.39432689090691647,-0.13084291313283122,1.1336633502124314,-1.9287894720295464,0.8111178817871932,0.6199921940924998,-0.8085091536932688,-0.46210856556519275,-0.789506994684852,-0.9907727444354943,1.3143339112249244,-0.511498979375548,-1.7949357029967468,1.2270515501925001,-0.5447530729084641,-0.3435388717656834,-0.9289546526758776,-1.084389275407878,-0.6419716905134981,-0.6435331382632246,-1.162483978151808,Vulnerable - Alto
05250,mpio,El Bagre,-74.66358838394656,7.702429952952268,05250,05,5250,El,el_bagre,-0.29437499542430534,0.9661983181967936,0.6609789381056093,1.4555864486398282,0.1036940770111435,-1.6664074823070856,-0.18199337541897662,-0.08764190056196146,-1.637633243787197,0.42467781715994424,-1.1025818306449797,0.5975536286837797,0.017415125520626518,1.4453885578589807,-0.7735403139636692,0.10494920586447044,0.08740197316028925,-0.42787198677836197,-0.8498012388504161,-1.195112468924074,-1.2923112480824346,-0.7651680860708707,-0.14486609566883638,-1.306636972421428,-0.5142649635008758,-3.6113590775826223,0.36308459746827104,-1.2665249330666974,0.4995164757292665,-1.2882167237204751,0.09329244232945198,-1.8332733382397313,Vulnerable - Alto
05475,mpio,Murindó,-76.70783782975408,6.828033184677589,05475,05,5475,Mur,murindo,0.27587824681186623,0.029243890444963172,-1.0572339345693265,-0.957621603565233,-1.4542647539330573,0.8264511181060729,-1.360801829931023,0.3735210027909781,-3.8496851414147266,2.919151367781873,-1.9560458929174016,-0.47497015671763576,-1.1906885606952196,1.70202356645507,-3.4839992959521955,4.6653119890657155,2.4652831856045876,2.5067764908316383,0.9227787862263055,-2.5946638681328547,1.0181527895518303,-0.24263519587192192,2.810856373638918,-2.9613085806936086,1.1662629085900267,-3.4726279920582535,2.1087802379478884,-1.0581598780752717,-1.371427446989615,0.4528214296320632,-0.7896400917939477,-2.5221570655598478,Vulnerable - Bajo
05480,mpio,Mutatá,-76.46224454510565,7.329015725832432,05480,05,5480,Mut,mutata,0.2711103393577372,-0.8473696742909573,-0.275816984897897,0.03392187495317225,0.28628066469693075,0.23423121391566432,-0.8125337447666557,0.13572162183974293,-1.4669237519760672,1.8448671337837466,-1.326600174629682,-0.0577445312200299,0.5147564380149675,1.02484044140638,-0.9838377873064664,4.2075818110785175,0.7175658334861788,-0.5791251851279857,0.831448750757616,-3.812198855986544,-4.054776522940765,-0.9068183870455169,1.8047630489721929,-0.9197731445462463,-0.8245605622222917,-1.8200004527679743,0.4099875618451686,-0.35437606161137064,-1.827788362571081,-0.6414449182351007,-1.3069779683653298,-1.8479369509847574,Vulnerable - Alto
05490,mpio,Necoclí,-76.67891681009039,8.495026735389011,05490,05,5490,Nec,necocli,-0.09447840850235141,2.4974291809436666,1.5635234720373934,2.2942689789223656,1.4106361777010046,0.17527732019979123,-0.2929383143581352,0.071323422460963265,-0.5373512515965916,0.765631756007052,-0.8492985249974904,0.014236743756676822,-0.38930538564777734,1.436720344247935,-0.9463408927228546,1.3721248587762234,-1.0913147584879928,0.5284387042342396,0.37978736411956476,-1.3646230110289668,-2.320116693752169,-1.7359127218557953,0.15584283653103334,-1.0904506293561953,-0.6064189767314584,-0.7022898943831115,-0.6389781104314135,-0.1046687018642381,0.9976059846576206,0.3882017910867443,-0.6527729049355969,-1.4879428998602713,Vulnerable - Alto
05495,mpio,Nechí,-74.79161333262583,7.99047799414123,05495,05,5495,Nec,nechi,0.4234389842994409,0.560075884086686,1.5918780571041362,0.046885568907366566,1.4951493868618861,-0.40589316981787366,-0.8787175090618052,0.10176404350403467,-4.216579492924283,0.9888942634138487,-1.4186516704017111,-0.038179869135683706,0.22961983593383647,0.7685188296963433,-1.3743891397371701,0.8144722380316912,0.4897520667865103,0.23627368713545696,-0.19551467682998327,-1.8376089926591546,-1.1994138212913221,-0.6192961378523689,0.4551547155350581,-2.0773970489951648,0.896064430851905,-2.98020899589602,0.36977424669392933,-0.8250116507943648,0.908162401062819,0.14988893885881963,-0.9563745699198829,-1.5730006013945013,Vulnerable - Alto
05604,mpio,Remedios,-74.55759481795987,6.999626036737502,05604,05,5604,Rem,remedios,0.42523628041730716,0.8242713561801764,0.5562095382498461,-0.5720304795552584,1.7070922932911736,-3.249702474870532,-1.4257005529267626,0.35733576732501676,-0.4003968484287615,-0.5321189254907992,-0.3548372867926606,1.6619268575150183,0.3215034775689923,-0.7773333324493128,0.3201659426571528,1.1649141170921555,-1.4347126101249983,-0.31156345860791246,-0.7001708496429775,-1.0948516536896684,-0.5043852821370033,-1.31689003073112,-1.353234586393148,0.7977511711634842,1.1868680160608454,-1.4284446342668191,-1.435422888103922,-1.0266568683658401,0.15657682440682597,-2.2097638715091397,0.8866031770156825,-1.4519523605049487,Vulnerable - Medio
05659,mpio,San Juan De Urabá,-76.53310241722065,8.707415368423705,05659,05,5659,San,san_juan_de_uraba,-0.3077385114207365,-0.16330453327196495,1.261515632264199,-0.4503727917706294,1.1698676631247509,0.8481406982936234,0.2783194255159022,-0.05759182981470346,-3.218324553008815,2.2151470332395027,-0.7217136507482554,-0.9131731006034643,-0.6954073470549966,2.203594965787017,-1.383380124947311,1.5659923897833692,-0.09595558534152455,-0.026679347118905208,-0.36156225769539635,-1.614076514922238,-2.5906545330995203,-0.17970413131397037,1.2155259053501581,-2.343874249572095,0.729727020514869,-0.9166813127794488,-1.0987468090284922,-0.5989563360714663,-0.8489720113848335,1.0624596227469776,-0.9345474160368664,-1.5356827594409208,Vulnerable - Alto
05665,mpio,San Pedro De Urabá,-76.31629273729325,8.378953443870987,05665,05,5665,San,san_pedro_de_uraba,0.24064461036939655,-0.9620409614382901,0.3528633201434919,0.7513608254704011,0.06844848310286238,-1.4174614613754333,-0.039819657042499686,-0.11544632553374383,-1.2992796007781449,0.8805122350265685,-0.9108631126300488,-1.1416883615015723,-0.9688861282267499,0.8465988456276372,-0.4743855763671967,0.01137230802429015,-0.03464341331320694,0.9313374182966779,-0.13893981077443598,-0.9468640178056827,-0.8774824331876009,-1.2802714548051932,0.1544806165596471,-2.093686933434313,-1.7782628342533564,-1.0506073138083507,-1.1407478725292683,-1.3944226570076548,0.22537633290737635,0.9538931305742335,-1.2699628670233967,-1.0919663148051808,Vulnerable - Alto
05736,mpio,Segovia,-74.62110846338082,7.268890861637109,05736,05,5736,Seg,segovia,0.4234389842994409,0.8923804064375458,0.45857016670474043,0.9181032577413143,2.2546229896508194,-2.0417559536532934,0.5335621428448778,-0.8126389195866297,-0.9148508083666272,-1.2721163766558454,-0.3086585436600794,1.819531707821401,0.1977361637193067,-0.6769787043480936,0.6990716785639628,-0.0891512351662243,-0.3435429997705101,-0.7221792400026267,-1.1425794723561964,-1.2323868402169602,-0.23968352553159192,-0.1893279099599636,-0.5130699710190475,-0.4366492441259714,-1.014284113146873,-2.7309815182042096,-2.2702410433109166,-0.1608241004316362,0.33354024044263925,-2.3489471025891384,1.1477910337204478,-1.6641182193623065,Vulnerable - Medio
05790,mpio,Tarazá,-75.40013930102191,7.48734383550283,05790,05,5790,Tar,taraza,0.5599211073104724,-0.5520266357084309,-0.6319414434169758,1.3424597028028549,0.3901934334779037,-0.5437948003719979,-1.04910560849998,0.34105743391083293,-1.1004180549801055,-1.2491391193827102,-0.9911387148950909,0.07062771206139787,-0.09215852701485654,1.2917778967876339,-0.5633256766335393,0.35020635777144565,0.45149447670458526,-1.705764145061318,0.42382149959801657,-0.7521741143735777,-1.2137219951154408,0.7747080327190721,0.07222322426562477,-1.43583552835357,-0.14605450173518908,-1.0490850635662488,-1.120377052616548,-0.6013379129848098,0.38848384392040053,-2.420448481858328,-0.839178441423017,-1.7044195523289158,Vulnerable - Alto
05837,mpio,Turbo,-76.72353267215297,8.000541285943282,05837,05,5837,Tur,turbo,0.3825039253928211,3.2749221745577204,-0.9204163116699845,1.8218550721876188,-0.30829080016612503,-0.4597236783834957,-0.708739442640927,0.27777366263702563,-2.2514790722423657,1.0825063118794578,-1.2184942132677257,0.008055422810885907,-0.4882864524885543,0.14423277570317186,-0.5393207774473031,0.6587882420930327,-0.04384465606942731,0.611949840135366,0.1791810209567031,-0.2387368664910864,-1.5840982253003608,-2.3588973786288374,1.7075212676115379,-1.7295259695025,-1.1946733517799781,-0.6492490440128653,0.0705731900088667,-1.292962990606258,0.4582492050786535,-0.8523036866296982,1.2694518831084776,-1.7435978250061055,Vulnerable - Alto
05842,mpio,Uramita,-76.13167195630004,6.914085565062334,05842,05,5842,Ura,uramita,0.1492474234043743,-0.37155818881304353,0.4249269131017681,1.602996697035698,-0.96427322868782706,0.21438383767446387,-1.6828691421693367,0.5349101500053428,-2.0314327267796837,-2.6877998302175983,-0.4024970923595644,-0.9122879962599738,0.023333900918059848,0.13964419950907825,-1.1606203799096244,0.10014304026957369,0.16206611195985027,-0.19702828389056,-0.31593366417729196,-1.2416362097701392,-1.9969482684860704,2.4328216341416993,-2.6022558966794804,-2.1458204729899144,1.4126816186864488,-0.9290773303229998,0.5008749436398746,-1.3929040725388901,-1.09104451663413,0.2621005895533018,-1.1949803504154635,-0.24147514291103508,Vulnerable - Alto
05854,mpio,Valdivia,-75.40013811604481,7.265432299206812,05854,05,5854,Val,valdivia,0.3523522833266458,-0.6968290357846461,1.01633711637989,0.5616408440290432,0.41166155773057633,-0.17349949466754594,0.10637506414749183,-0.06870516872279114,-0.6224303316049435,-1.6017992263575003,-1.0727872545246273,-0.037363031153271435,-0.29448337662206686,2.779662823280542,-0.20000189493251597,0.28138350470883483,0.9871152425362882,-0.2771128508247949,-2.2973418618760166,-1.1017506375494956,0.7883757734999576,-0.1741998919257942,0.5916765468851473,-0.3118311969690523,0.4153165133437991,-1.3405759403241884,-3.8956678766092843,0.9708529166678719,-0.25893172138424864,-3.2134746645399606,-0.29988013223960075,-1.058879114899041,Vulnerable - Medio
05858,mpio,Vegachí,-74.7561275524288,6.838531715071826,05858,05,5858,Veg,vegachi,0.3081601612041404,-0.2367837180700475,-1.1008278228144677,2.2662678502168907,0.965132465883133,-2.70515013863386,0.20035248808975878,-0.14147189680006572,0.5487719790679686,-0.1826070711370808,-0.04983580321507906,1.3070634381705704,0.6010657297068582,-0.4696076636685675,0.22213082798353012,0.25955716779428145,-1.2509817338315992,0.5258231812193971,-0.1568734370970256,-0.9927153334253481,0.1323807495806929,-1.7177629045012406,-0.8917711695912711,-0.2102264745261748,-1.1687883302417161,-0.16717431185992643,-0.9583015892309753,0.505663255295402,0.4602992943428695,-0.9024169866230003,-0.3915271491412529,-0.42840809197911567,Vulnerable - Alto
05873,mpio,Vigía Del Fuerte,-76.69390431189592,6.45213966098224,05873,05,5873,Vig,vigia_del_fuerte,0.27587824681186623,1.6540416988361328,0.4854564087791272,-2.6762266153790746,-2.313289150362545,0.5418011556909241,-0.07285711605438076,-0.11880281076095453,-1.342284209834854,-0.026673137042146022,-1.8749516995715854,-0.4418446581071512,-1.3910543892890073,0.03893324963537671,-2.581849994118158,4.0180456756349505,2.641314803312763,1.2485419063228753,0.5173655329407425,-0.19705553205821724,0.5439210012501835,-0.486954038232995,1.5554029571681265,-2.8773520235327434,0.025619325541624462,-5.536870042191997,2.9511244060407753,-1.8983454672004667,0.7908549510416765,0.21214943094161587,-0.32088610863952016,-1.8898724605213342,Vulnerable - Bajo
05885,mpio,Yalí,-74.75670554929039,6.717873794407401,05885,05,5885,Yal,yali,0.4234389842994409,-0.4716914669960764,-0.6531174638810623,1.1100837854505905,0.27462589914583624,-2.6141693103288635,-0.3590095431163607,-0.012129331945674691,-0.08257468230840055,0.5699516751474167,-0.4021628564204198,0.24564976650374146,-0.39919684608870304,-0.19253403529150984,-0.05618868742934112,-0.7601493886723355,0.07481911801129638,0.3249931060641715,1.1275293375285371,-0.8006662531628707,0.2118380252388258,1.5860075408672525,-0.031252100271097275,0.20052521242931376,-0.5332942509883735,-0.018749130638746624,0.076915552682438465,-0.42621843046116337,1.2470960647242761,-0.5735735143687093,-0.43756669501260376,-0.21669746239460566,Vulnerable - Alto
05890,mpio,Yolombó,-74.92190108361531,6.644324429020973,05890,05,5890,Yol,yolombo,0.4234389842994409,-1.2703956749996297,-0.21158770852329623,2.0009890612052286,0.9499208661465902,-1.2617464960913374,0.6390306423399892,-0.32704127858624676,-0.19596326156668076,-0.6576720460499036,-0.7473363335921681,0.49590304812650693,-0.6807895700284566,-1.0064179130335364,-0.497228976507098,-0.7476419748741527,0.5724350161817616,0.09247656218834671,0.00859473645706827,-0.8634354041395994,0.27202042519882347,0.11092184345277085,0.10594030593066481,-0.13138228103855057,-0.12708030315949773,0.3498029729220694,2.7250392869120073,-0.5543878827376378,-0.7893961238441012,0.07432265426439434,0.8924470687083698,0.5357538263751828,Vulnerable - Alto
05206,mpio,Concepción,-75.21726770174642,6.377813571282332,05206,05,5206,Con,NA,NA,NA,NA,NA,NA,NA,NA,NA,NA,NA,NA,NA,NA,NA,NA,NA,NA,NA,NA,NA,NA,NA,NA,NA,NA,NA,NA,NA,NA,NA,NA,NA,NA
05209,mpio,Concordia,-75.90024563134448,6.056953337209619,05209,05,5209,Con,NA,NA,NA,NA,NA,NA,NA,NA,NA,NA,NA,NA,NA,NA,NA,NA,NA,NA,NA,NA,NA,NA,NA,NA,NA,NA,NA,NA,NA,NA,NA,NA,NA,NA
05001,mpio,Medellín,-75.6127999092285,6.258851646871735,05001,05,5001,Med,NA,NA,NA,NA,NA,NA,NA,NA,NA,NA,NA,NA,NA,NA,NA,NA,NA,NA,NA,NA,NA,NA,NA,NA,NA,NA,NA,NA,NA,NA,NA,NA,NA,NA
05002,mpio,Abejorral,-75.43996915359027,5.802327928317855,05002,05,5002,Abe,NA,NA,NA,NA,NA,NA,NA,NA,NA,NA,NA,NA,NA,NA,NA,NA,NA,NA,NA,NA,NA,NA,NA,NA,NA,NA,NA,NA,NA,NA,NA,NA,NA,NA
05004,mpio,Abriaquí,-76.0871416147664,6.628242805445521,05004,05,5004,Abr,NA,NA,NA,NA,NA,NA,NA,NA,NA,NA,NA,NA,NA,NA,NA,NA,NA,NA,NA,NA,NA,NA,NA,NA,NA,NA,NA,NA,NA,NA,NA,NA,NA,NA
05021,mpio,Alejandría,-75.08992268709144,6.364688109831899,05021,05,5021,Ale,NA,NA,NA,NA,NA,NA,NA,NA,NA,NA,NA,NA,NA,NA,NA,NA,NA,NA,NA,NA,NA,NA,NA,NA,NA,NA,NA,NA,NA,NA,NA,NA,NA,NA
05030,mpio,Amagá,-75.70694035674894,6.032726554782707,05030,05,5030,Ama,NA,NA,NA,NA,NA,NA,NA,NA,NA,NA,NA,NA,NA,NA,NA,NA,NA,NA,NA,NA,NA,NA,NA,NA,NA,NA,NA,NA,NA,NA,NA,NA,NA,NA
05031,mpio,Amalfi,-74.98142088861091,6.977017823056702,05031,05,5031,Ama,NA,NA,NA,NA,NA,NA,NA,NA,NA,NA,NA,NA,NA,NA,NA,NA,NA,NA,NA,NA,NA,NA,NA,NA,NA,NA,NA,NA,NA,NA,NA,NA,NA,NA
05034,mpio,Andes,-75.92493905135751,5.624279481107275,05034,05,5034,And,NA,NA,NA,NA,NA,NA,NA,NA,NA,NA,NA,NA,NA,NA,NA,NA,NA,NA,NA,NA,NA,NA,NA,NA,NA,NA,NA,NA,NA,NA,NA,NA,NA,NA
05036,mpio,Angelópolis,-75.71816333813786,6.119759257449431,05036,05,5036,Ang,NA,NA,NA,NA,NA,NA,NA,NA,NA,NA,NA,NA,NA,NA,NA,NA,NA,NA,NA,NA,NA,NA,NA,NA,NA,NA,NA,NA,NA,NA,NA,NA,NA,NA
05038,mpio,Angostura,-75.35932847383421,6.861471413586091,05038,05,5038,Ang,NA,NA,NA,NA,NA,NA,NA,NA,NA,NA,NA,NA,NA,NA,NA,NA,NA,NA,NA,NA,NA,NA,NA,NA,NA,NA,NA,NA,NA,NA,NA,NA,NA,NA
05306,mpio,Giraldo,-75.94895428046208,6.663139482964665,05306,05,5306,Gir,NA,NA,NA,NA,NA,NA,NA,NA,NA,NA,NA,NA,NA,NA,NA,NA,NA,NA,NA,NA,NA,NA,NA,NA,NA,NA,NA,NA,NA,NA,NA,NA,NA,NA
05042,mpio,Santa Fé De Antioquia,-75.90499964678077,6.534498010517901,05042,05,5042,San,NA,NA,NA,NA,NA,NA,NA,NA,NA,NA,NA,NA,NA,NA,NA,NA,NA,NA,NA,NA,NA,NA,NA,NA,NA,NA,NA,NA,NA,NA,NA,NA,NA,NA
05044,mpio,Anzá,-75.91231309090341,6.305861557837838,05044,05,5044,Anz,NA,NA,NA,NA,NA,NA,NA,NA,NA,NA,NA,NA,NA,NA,NA,NA,NA,NA,NA,NA,NA,NA,NA,NA,NA,NA,NA,NA,NA,NA,NA,NA,NA,NA
05313,mpio,Granada,-75.12679556191235,6.12243422302496,05313,05,5313,Gra,NA,NA,NA,NA,NA,NA,NA,NA,NA,NA,NA,NA,NA,NA,NA,NA,NA,NA,NA,NA,NA,NA,NA,NA,NA,NA,NA,NA,NA,NA,NA,NA,NA,NA
05315,mpio,Guadalupe,-75.22530621962781,6.861026442399097,05315,05,5315,Gua,NA,NA,NA,NA,NA,NA,NA,NA,NA,NA,NA,NA,NA,NA,NA,NA,NA,NA,NA,NA,NA,NA,NA,NA,NA,NA,NA,NA,NA,NA,NA,NA,NA,NA
05055,mpio,Argelia,-75.09746529951609,5.708071781632922,05055,05,5055,Arg,NA,NA,NA,NA,NA,NA,NA,NA,NA,NA,NA,NA,NA,NA,NA,NA,NA,NA,NA,NA,NA,NA,NA,NA,NA,NA,NA,NA,NA,NA,NA,NA,NA,NA
05059,mpio,Armenia,-75.80864705689626,6.160281593099016,05059,05,5059,Arm,NA,NA,NA,NA,NA,NA,NA,NA,NA,NA,NA,NA,NA,NA,NA,NA,NA,NA,NA,NA,NA,NA,NA,NA,NA,NA,NA,NA,NA,NA,NA,NA,NA,NA
05079,mpio,Barbosa,-75.32786343666069,6.443319090375343,05079,05,5079,Bar,NA,NA,NA,NA,NA,NA,NA,NA,NA,NA,NA,NA,NA,NA,NA,NA,NA,NA,NA,NA,NA,NA,NA,NA,NA,NA,NA,NA,NA,NA,NA,NA,NA,NA
05086,mpio,Belmira,-75.65593854553747,6.655416376409969,05086,05,5086,Bel,NA,NA,NA,NA,NA,NA,NA,NA,NA,NA,NA,NA,NA,NA,NA,NA,NA,NA,NA,NA,NA,NA,NA,NA,NA,NA,NA,NA,NA,NA,NA,NA,NA,NA
05088,mpio,Bello,-75.59025592930725,6.359736868390984,05088,05,5088,Bel,NA,NA,NA,NA,NA,NA,NA,NA,NA,NA,NA,NA,NA,NA,NA,NA,NA,NA,NA,NA,NA,NA,NA,NA,NA,NA,NA,NA,NA,NA,NA,NA,NA,NA
05091,mpio,Betania,-75.98391538682482,5.726633681705867,05091,05,5091,Bet,NA,NA,NA,NA,NA,NA,NA,NA,NA,NA,NA,NA,NA,NA,NA,NA,NA,NA,NA,NA,NA,NA,NA,NA,NA,NA,NA,NA,NA,NA,NA,NA,NA,NA
05093,mpio,Betulia,-75.9571432806565,6.184841691374015,05093,05,5093,Bet,NA,NA,NA,NA,NA,NA,NA,NA,NA,NA,NA,NA,NA,NA,NA,NA,NA,NA,NA,NA,NA,NA,NA,NA,NA,NA,NA,NA,NA,NA,NA,NA,NA,NA
05101,mpio,Ciudad Bolívar,-76.00902572747876,5.840445938385701,05101,05,5101,Ciu,NA,NA,NA,NA,NA,NA,NA,NA,NA,NA,NA,NA,NA,NA,NA,NA,NA,NA,NA,NA,NA,NA,NA,NA,NA,NA,NA,NA,NA,NA,NA,NA,NA,NA
05107,mpio,Briceño,-75.56490046652242,7.110452631076573,05107,05,5107,Bri,NA,NA,NA,NA,NA,NA,NA,NA,NA,NA,NA,NA,NA,NA,NA,NA,NA,NA,NA,NA,NA,NA,NA,NA,NA,NA,NA,NA,NA,NA,NA,NA,NA,NA
05113,mpio,Buriticá,-75.91248836264813,6.809453076648512,05113,05,5113,Bur,NA,NA,NA,NA,NA,NA,NA,NA,NA,NA,NA,NA,NA,NA,NA,NA,NA,NA,NA,NA,NA,NA,NA,NA,NA,NA,NA,NA,NA,NA,NA,NA,NA,NA
05390,mpio,La Pintada,-75.6012489362065,5.744742604571764,05390,05,5390,La,NA,NA,NA,NA,NA,NA,NA,NA,NA,NA,NA,NA,NA,NA,NA,NA,NA,NA,NA,NA,NA,NA,NA,NA,NA,NA,NA,NA,NA,NA,NA,NA,NA,NA
05125,mpio,Caicedo,-75.99308115459601,6.42100735120007,05125,05,5125,Cai,NA,NA,NA,NA,NA,NA,NA,NA,NA,NA,NA,NA,NA,NA,NA,NA,NA,NA,NA,NA,NA,NA,NA,NA,NA,NA,NA,NA,NA,NA,NA,NA,NA,NA
05129,mpio,Caldas,-75.62741770351639,6.053784062121476,05129,05,5129,Cal,NA,NA,NA,NA,NA,NA,NA,NA,NA,NA,NA,NA,NA,NA,NA,NA,NA,NA,NA,NA,NA,NA,NA,NA,NA,NA,NA,NA,NA,NA,NA,NA,NA,NA
05134,mpio,Campamento,-75.28881522501538,7.037716156016605,05134,05,5134,Cam,NA,NA,NA,NA,NA,NA,NA,NA,NA,NA,NA,NA,NA,NA,NA,NA,NA,NA,NA,NA,NA,NA,NA,NA,NA,NA,NA,NA,NA,NA,NA,NA,NA,NA
05138,mpio,Cañasgordas,-76.02658521349967,6.81288679781354,05138,05,5138,Cañ,NA,NA,NA,NA,NA,NA,NA,NA,NA,NA,NA,NA,NA,NA,NA,NA,NA,NA,NA,NA,NA,NA,NA,NA,NA,NA,NA,NA,NA,NA,NA,NA,NA,NA
05142,mpio,Caracolí,-74.73366777567848,6.336162250890057,05142,05,5142,Car,NA,NA,NA,NA,NA,NA,NA,NA,NA,NA,NA,NA,NA,NA,NA,NA,NA,NA,NA,NA,NA,NA,NA,NA,NA,NA,NA,NA,NA,NA,NA,NA,NA,NA
05145,mpio,Caramanta,-75.63239525845898,5.555918217498725,05145,05,5145,Car,NA,NA,NA,NA,NA,NA,NA,NA,NA,NA,NA,NA,NA,NA,NA,NA,NA,NA,NA,NA,NA,NA,NA,NA,NA,NA,NA,NA,NA,NA,NA,NA,NA,NA
05819,mpio,Toledo,-75.7141133101774,7.013268128423279,05819,05,5819,Tol,NA,NA,NA,NA,NA,NA,NA,NA,NA,NA,NA,NA,NA,NA,NA,NA,NA,NA,NA,NA,NA,NA,NA,NA,NA,NA,NA,NA,NA,NA,NA,NA,NA,NA
05148,mpio,El Carmen De Viboral,-75.26349613727776,5.978210403191516,05148,05,5148,El,NA,NA,NA,NA,NA,NA,NA,NA,NA,NA,NA,NA,NA,NA,NA,NA,NA,NA,NA,NA,NA,NA,NA,NA,NA,NA,NA,NA,NA,NA,NA,NA,NA,NA
05150,mpio,Carolina,-75.30756604138291,6.754026933485864,05150,05,5150,Car,NA,NA,NA,NA,NA,NA,NA,NA,NA,NA,NA,NA,NA,NA,NA,NA,NA,NA,NA,NA,NA,NA,NA,NA,NA,NA,NA,NA,NA,NA,NA,NA,NA,NA
05847,mpio,Urrao,-76.25979960615834,6.336154651693728,05847,05,5847,Urr,NA,NA,NA,NA,NA,NA,NA,NA,NA,NA,NA,NA,NA,NA,NA,NA,NA,NA,NA,NA,NA,NA,NA,NA,NA,NA,NA,NA,NA,NA,NA,NA,NA,NA
05501,mpio,Olaya,-75.7759517747996,6.610425422181019,05501,05,5501,Ola,NA,NA,NA,NA,NA,NA,NA,NA,NA,NA,NA,NA,NA,NA,NA,NA,NA,NA,NA,NA,NA,NA,NA,NA,NA,NA,NA,NA,NA,NA,NA,NA,NA,NA
05190,mpio,Cisneros,-75.08272207407506,6.553239924643066,05190,05,5190,Cis,NA,NA,NA,NA,NA,NA,NA,NA,NA,NA,NA,NA,NA,NA,NA,NA,NA,NA,NA,NA,NA,NA,NA,NA,NA,NA,NA,NA,NA,NA,NA,NA,NA,NA
05197,mpio,Cocorná,-75.16056248711166,6.007250850943549,05197,05,5197,Coc,NA,NA,NA,NA,NA,NA,NA,NA,NA,NA,NA,NA,NA,NA,NA,NA,NA,NA,NA,NA,NA,NA,NA,NA,NA,NA,NA,NA,NA,NA,NA,NA,NA,NA
05576,mpio,Pueblorrico,-75.85686899319225,5.8044141265684,05576,05,5576,Pue,NA,NA,NA,NA,NA,NA,NA,NA,NA,NA,NA,NA,NA,NA,NA,NA,NA,NA,NA,NA,NA,NA,NA,NA,NA,NA,NA,NA,NA,NA,NA,NA,NA,NA
05579,mpio,Puerto Berrío,-74.52869692662286,6.482510179537994,05579,05,5579,Pue,NA,NA,NA,NA,NA,NA,NA,NA,NA,NA,NA,NA,NA,NA,NA,NA,NA,NA,NA,NA,NA,NA,NA,NA,NA,NA,NA,NA,NA,NA,NA,NA,NA,NA
05212,mpio,Copacabana,-75.50078768363375,6.351711758645678,05212,05,5212,Cop,NA,NA,NA,NA,NA,NA,NA,NA,NA,NA,NA,NA,NA,NA,NA,NA,NA,NA,NA,NA,NA,NA,NA,NA,NA,NA,NA,NA,NA,NA,NA,NA,NA,NA
05591,mpio,Puerto Triunfo,-74.68491670536943,5.955071068235982,05591,05,5591,Pue,NA,NA,NA,NA,NA,NA,NA,NA,NA,NA,NA,NA,NA,NA,NA,NA,NA,NA,NA,NA,NA,NA,NA,NA,NA,NA,NA,NA,NA,NA,NA,NA,NA,NA
05237,mpio,Donmatías,-75.36443323910986,6.505640968190662,05237,05,5237,Don,NA,NA,NA,NA,NA,NA,NA,NA,NA,NA,NA,NA,NA,NA,NA,NA,NA,NA,NA,NA,NA,NA,NA,NA,NA,NA,NA,NA,NA,NA,NA,NA,NA,NA
05240,mpio,Ebéjico,-75.78360947492115,6.327813263261843,05240,05,5240,Ebé,NA,NA,NA,NA,NA,NA,NA,NA,NA,NA,NA,NA,NA,NA,NA,NA,NA,NA,NA,NA,NA,NA,NA,NA,NA,NA,NA,NA,NA,NA,NA,NA,NA,NA
05615,mpio,Rionegro,-75.41294203284635,6.149877287649464,05615,05,5615,Rio,NA,NA,NA,NA,NA,NA,NA,NA,NA,NA,NA,NA,NA,NA,NA,NA,NA,NA,NA,NA,NA,NA,NA,NA,NA,NA,NA,NA,NA,NA,NA,NA,NA,NA
05264,mpio,Entrerríos,-75.56045049867288,6.594134234233711,05264,05,5264,Ent,NA,NA,NA,NA,NA,NA,NA,NA,NA,NA,NA,NA,NA,NA,NA,NA,NA,NA,NA,NA,NA,NA,NA,NA,NA,NA,NA,NA,NA,NA,NA,NA,NA,NA
05266,mpio,Envigado,-75.54426721678229,6.153270262995447,05266,05,5266,Env,NA,NA,NA,NA,NA,NA,NA,NA,NA,NA,NA,NA,NA,NA,NA,NA,NA,NA,NA,NA,NA,NA,NA,NA,NA,NA,NA,NA,NA,NA,NA,NA,NA,NA
05282,mpio,Fredonia,-75.68145870885463,5.888382462775554,05282,05,5282,Fre,NA,NA,NA,NA,NA,NA,NA,NA,NA,NA,NA,NA,NA,NA,NA,NA,NA,NA,NA,NA,NA,NA,NA,NA,NA,NA,NA,NA,NA,NA,NA,NA,NA,NA
05284,mpio,Frontino,-76.3325917162759,6.690682802173942,05284,05,5284,Fro,NA,NA,NA,NA,NA,NA,NA,NA,NA,NA,NA,NA,NA,NA,NA,NA,NA,NA,NA,NA,NA,NA,NA,NA,NA,NA,NA,NA,NA,NA,NA,NA,NA,NA
05649,mpio,San Carlos,-74.90834879287338,6.194724829012063,05649,05,5649,San,NA,NA,NA,NA,NA,NA,NA,NA,NA,NA,NA,NA,NA,NA,NA,NA,NA,NA,NA,NA,NA,NA,NA,NA,NA,NA,NA,NA,NA,NA,NA,NA,NA,NA
05308,mpio,Girardota,-75.44547717784441,6.380937720313014,05308,05,5308,Gir,NA,NA,NA,NA,NA,NA,NA,NA,NA,NA,NA,NA,NA,NA,NA,NA,NA,NA,NA,NA,NA,NA,NA,NA,NA,NA,NA,NA,NA,NA,NA,NA,NA,NA
05310,mpio,Gómez Plata,-75.1922196847316,6.709320350591201,05310,05,5310,Góm,NA,NA,NA,NA,NA,NA,NA,NA,NA,NA,NA,NA,NA,NA,NA,NA,NA,NA,NA,NA,NA,NA,NA,NA,NA,NA,NA,NA,NA,NA,NA,NA,NA,NA
05658,mpio,San José De La Montaña,-75.67671248101213,6.824142763250047,05658,05,5658,San,NA,NA,NA,NA,NA,NA,NA,NA,NA,NA,NA,NA,NA,NA,NA,NA,NA,NA,NA,NA,NA,NA,NA,NA,NA,NA,NA,NA,NA,NA,NA,NA,NA,NA
05411,mpio,Liborina,-75.78253022419172,6.724089512176238,05411,05,5411,Lib,NA,NA,NA,NA,NA,NA,NA,NA,NA,NA,NA,NA,NA,NA,NA,NA,NA,NA,NA,NA,NA,NA,NA,NA,NA,NA,NA,NA,NA,NA,NA,NA,NA,NA
05318,mpio,Guarne,-75.43763944108595,6.267760690627175,05318,05,5318,Gua,NA,NA,NA,NA,NA,NA,NA,NA,NA,NA,NA,NA,NA,NA,NA,NA,NA,NA,NA,NA,NA,NA,NA,NA,NA,NA,NA,NA,NA,NA,NA,NA,NA,NA
05321,mpio,Guatapé,-75.15906120952536,6.244397081847873,05321,05,5321,Gua,NA,NA,NA,NA,NA,NA,NA,NA,NA,NA,NA,NA,NA,NA,NA,NA,NA,NA,NA,NA,NA,NA,NA,NA,NA,NA,NA,NA,NA,NA,NA,NA,NA,NA
05347,mpio,Heliconia,-75.74849458320183,6.213585984409352,05347,05,5347,Hel,NA,NA,NA,NA,NA,NA,NA,NA,NA,NA,NA,NA,NA,NA,NA,NA,NA,NA,NA,NA,NA,NA,NA,NA,NA,NA,NA,NA,NA,NA,NA,NA,NA,NA
05353,mpio,Hispania,-75.90414133833437,5.793765480968364,05353,05,5353,His,NA,NA,NA,NA,NA,NA,NA,NA,NA,NA,NA,NA,NA,NA,NA,NA,NA,NA,NA,NA,NA,NA,NA,NA,NA,NA,NA,NA,NA,NA,NA,NA,NA,NA
05360,mpio,Itagüí,-75.61545770302317,6.179161031636978,05360,05,5360,Ita,NA,NA,NA,NA,NA,NA,NA,NA,NA,NA,NA,NA,NA,NA,NA,NA,NA,NA,NA,NA,NA,NA,NA,NA,NA,NA,NA,NA,NA,NA,NA,NA,NA,NA
05361,mpio,Ituango,-75.8492761465263,7.303221226436189,05361,05,5361,Itu,NA,NA,NA,NA,NA,NA,NA,NA,NA,NA,NA,NA,NA,NA,NA,NA,NA,NA,NA,NA,NA,NA,NA,NA,NA,NA,NA,NA,NA,NA,NA,NA,NA,NA
05364,mpio,Jardín,-75.819185587939,5.572321859802075,05364,05,5364,Jar,NA,NA,NA,NA,NA,NA,NA,NA,NA,NA,NA,NA,NA,NA,NA,NA,NA,NA,NA,NA,NA,NA,NA,NA,NA,NA,NA,NA,NA,NA,NA,NA,NA,NA
05368,mpio,Jericó,-75.76652053319022,5.769306937190637,05368,05,5368,Jer,NA,NA,NA,NA,NA,NA,NA,NA,NA,NA,NA,NA,NA,NA,NA,NA,NA,NA,NA,NA,NA,NA,NA,NA,NA,NA,NA,NA,NA,NA,NA,NA,NA,NA
05376,mpio,La Ceja,-75.43030891759122,5.992683613466378,05376,05,5376,La,NA,NA,NA,NA,NA,NA,NA,NA,NA,NA,NA,NA,NA,NA,NA,NA,NA,NA,NA,NA,NA,NA,NA,NA,NA,NA,NA,NA,NA,NA,NA,NA,NA,NA
05380,mpio,La Estrella,-75.64810139058127,6.137991524064695,05380,05,5380,La,NA,NA,NA,NA,NA,NA,NA,NA,NA,NA,NA,NA,NA,NA,NA,NA,NA,NA,NA,NA,NA,NA,NA,NA,NA,NA,NA,NA,NA,NA,NA,NA,NA,NA
05543,mpio,Peque,-75.88990903552057,7.04469790665202,05543,05,5543,Peq,NA,NA,NA,NA,NA,NA,NA,NA,NA,NA,NA,NA,NA,NA,NA,NA,NA,NA,NA,NA,NA,NA,NA,NA,NA,NA,NA,NA,NA,NA,NA,NA,NA,NA
05400,mpio,La Unión,-75.35545202261368,5.939623738785881,05400,05,5400,La,NA,NA,NA,NA,NA,NA,NA,NA,NA,NA,NA,NA,NA,NA,NA,NA,NA,NA,NA,NA,NA,NA,NA,NA,NA,NA,NA,NA,NA,NA,NA,NA,NA,NA
05756,mpio,Sonsón,-75.06005105931858,5.761483712822131,05756,05,5756,Son,NA,NA,NA,NA,NA,NA,NA,NA,NA,NA,NA,NA,NA,NA,NA,NA,NA,NA,NA,NA,NA,NA,NA,NA,NA,NA,NA,NA,NA,NA,NA,NA,NA,NA
05425,mpio,Maceo,-74.71442904580445,6.534391550986349,05425,05,5425,Mac,NA,NA,NA,NA,NA,NA,NA,NA,NA,NA,NA,NA,NA,NA,NA,NA,NA,NA,NA,NA,NA,NA,NA,NA,NA,NA,NA,NA,NA,NA,NA,NA,NA,NA
05440,mpio,Marinilla,-75.30769061033766,6.181693631225957,05440,05,5440,Mar,NA,NA,NA,NA,NA,NA,NA,NA,NA,NA,NA,NA,NA,NA,NA,NA,NA,NA,NA,NA,NA,NA,NA,NA,NA,NA,NA,NA,NA,NA,NA,NA,NA,NA
05467,mpio,Montebello,-75.51920336437202,5.916507908430667,05467,05,5467,Mon,NA,NA,NA,NA,NA,NA,NA,NA,NA,NA,NA,NA,NA,NA,NA,NA,NA,NA,NA,NA,NA,NA,NA,NA,NA,NA,NA,NA,NA,NA,NA,NA,NA,NA
05809,mpio,Titiribí,-75.80049478086937,6.057128294268855,05809,05,5809,Tit,NA,NA,NA,NA,NA,NA,NA,NA,NA,NA,NA,NA,NA,NA,NA,NA,NA,NA,NA,NA,NA,NA,NA,NA,NA,NA,NA,NA,NA,NA,NA,NA,NA,NA
05667,mpio,San Rafael,-74.99596096285518,6.310736897214359,05667,05,5667,San,NA,NA,NA,NA,NA,NA,NA,NA,NA,NA,NA,NA,NA,NA,NA,NA,NA,NA,NA,NA,NA,NA,NA,NA,NA,NA,NA,NA,NA,NA,NA,NA,NA,NA
05483,mpio,Nariño,-75.19249763297098,5.582022155674575,05483,05,5483,Nar,NA,NA,NA,NA,NA,NA,NA,NA,NA,NA,NA,NA,NA,NA,NA,NA,NA,NA,NA,NA,NA,NA,NA,NA,NA,NA,NA,NA,NA,NA,NA,NA,NA,NA
05631,mpio,Sabaneta,-75.60861361962914,6.138205541670269,05631,05,5631,Sab,NA,NA,NA,NA,NA,NA,NA,NA,NA,NA,NA,NA,NA,NA,NA,NA,NA,NA,NA,NA,NA,NA,NA,NA,NA,NA,NA,NA,NA,NA,NA,NA,NA,NA
05642,mpio,Salgar,-75.9820526877208,5.969482895038642,05642,05,5642,Sal,NA,NA,NA,NA,NA,NA,NA,NA,NA,NA,NA,NA,NA,NA,NA,NA,NA,NA,NA,NA,NA,NA,NA,NA,NA,NA,NA,NA,NA,NA,NA,NA,NA,NA
05647,mpio,San Andrés De Cuerquía,-75.66413646431629,6.918063951632195,05647,05,5647,San,NA,NA,NA,NA,NA,NA,NA,NA,NA,NA,NA,NA,NA,NA,NA,NA,NA,NA,NA,NA,NA,NA,NA,NA,NA,NA,NA,NA,NA,NA,NA,NA,NA,NA
05541,mpio,Peñol,-75.22269659707484,6.231819957054269,05541,05,5541,Peñ,NA,NA,NA,NA,NA,NA,NA,NA,NA,NA,NA,NA,NA,NA,NA,NA,NA,NA,NA,NA,NA,NA,NA,NA,NA,NA,NA,NA,NA,NA,NA,NA,NA,NA
05652,mpio,San Francisco,-74.97540254759538,5.882653453275657,05652,05,5652,San,NA,NA,NA,NA,NA,NA,NA,NA,NA,NA,NA,NA,NA,NA,NA,NA,NA,NA,NA,NA,NA,NA,NA,NA,NA,NA,NA,NA,NA,NA,NA,NA,NA,NA
05861,mpio,Venecia,-75.77667036324677,5.957936081327948,05861,05,5861,Ven,NA,NA,NA,NA,NA,NA,NA,NA,NA,NA,NA,NA,NA,NA,NA,NA,NA,NA,NA,NA,NA,NA,NA,NA,NA,NA,NA,NA,NA,NA,NA,NA,NA,NA
05607,mpio,Retiro,-75.51605227675036,6.051256284418432,05607,05,5607,Ret,NA,NA,NA,NA,NA,NA,NA,NA,NA,NA,NA,NA,NA,NA,NA,NA,NA,NA,NA,NA,NA,NA,NA,NA,NA,NA,NA,NA,NA,NA,NA,NA,NA,NA
05585,mpio,Puerto Nare,-74.7036375799297,6.126028012303996,05585,05,5585,Pue,NA,NA,NA,NA,NA,NA,NA,NA,NA,NA,NA,NA,NA,NA,NA,NA,NA,NA,NA,NA,NA,NA,NA,NA,NA,NA,NA,NA,NA,NA,NA,NA,NA,NA
05887,mpio,Yarumal,-75.45537895859798,6.987997454050405,05887,05,5887,Yar,NA,NA,NA,NA,NA,NA,NA,NA,NA,NA,NA,NA,NA,NA,NA,NA,NA,NA,NA,NA,NA,NA,NA,NA,NA,NA,NA,NA,NA,NA,NA,NA,NA,NA
05664,mpio,San Pedro De Los Milagros,-75.56245148603243,6.458259913274919,05664,05,5664,San,NA,NA,NA,NA,NA,NA,NA,NA,NA,NA,NA,NA,NA,NA,NA,NA,NA,NA,NA,NA,NA,NA,NA,NA,NA,NA,NA,NA,NA,NA,NA,NA,NA,NA
05679,mpio,Santa Bárbara,-75.58465219795166,5.88212401983384,05679,05,5679,San,NA,NA,NA,NA,NA,NA,NA,NA,NA,NA,NA,NA,NA,NA,NA,NA,NA,NA,NA,NA,NA,NA,NA,NA,NA,NA,NA,NA,NA,NA,NA,NA,NA,NA
05686,mpio,Santa Rosa De Osos,-75.43634969780916,6.673844438133682,05686,05,5686,San,NA,NA,NA,NA,NA,NA,NA,NA,NA,NA,NA,NA,NA,NA,NA,NA,NA,NA,NA,NA,NA,NA,NA,NA,NA,NA,NA,NA,NA,NA,NA,NA,NA,NA
05628,mpio,Sabanalarga,-75.79227327581016,6.898565938343459,05628,05,5628,Sab,NA,NA,NA,NA,NA,NA,NA,NA,NA,NA,NA,NA,NA,NA,NA,NA,NA,NA,NA,NA,NA,NA,NA,NA,NA,NA,NA,NA,NA,NA,NA,NA,NA,NA
05674,mpio,San Vicente Ferrer,-75.3279847603425,6.310783605303788,05674,05,5674,San,NA,NA,NA,NA,NA,NA,NA,NA,NA,NA,NA,NA,NA,NA,NA,NA,NA,NA,NA,NA,NA,NA,NA,NA,NA,NA,NA,NA,NA,NA,NA,NA,NA,NA
05656,mpio,San Jerónimo,-75.70476186704079,6.43763396073991,05656,05,5656,San,NA,NA,NA,NA,NA,NA,NA,NA,NA,NA,NA,NA,NA,NA,NA,NA,NA,NA,NA,NA,NA,NA,NA,NA,NA,NA,NA,NA,NA,NA,NA,NA,NA,NA
05792,mpio,Tarso,-75.82913583643453,5.871156197083275,05792,05,5792,Tar,NA,NA,NA,NA,NA,NA,NA,NA,NA,NA,NA,NA,NA,NA,NA,NA,NA,NA,NA,NA,NA,NA,NA,NA,NA,NA,NA,NA,NA,NA,NA,NA,NA,NA
05690,mpio,Santo Domingo,-75.14083579655436,6.48162320651811,05690,05,5690,San,NA,NA,NA,NA,NA,NA,NA,NA,NA,NA,NA,NA,NA,NA,NA,NA,NA,NA,NA,NA,NA,NA,NA,NA,NA,NA,NA,NA,NA,NA,NA,NA,NA,NA
05697,mpio,El Santuario,-75.25350313907576,6.124364458093594,05697,05,5697,El,NA,NA,NA,NA,NA,NA,NA,NA,NA,NA,NA,NA,NA,NA,NA,NA,NA,NA,NA,NA,NA,NA,NA,NA,NA,NA,NA,NA,NA,NA,NA,NA,NA,NA
05856,mpio,Valparaíso,-75.62943947740791,5.652522353540148,05856,05,5856,Val,NA,NA,NA,NA,NA,NA,NA,NA,NA,NA,NA,NA,NA,NA,NA,NA,NA,NA,NA,NA,NA,NA,NA,NA,NA,NA,NA,NA,NA,NA,NA,NA,NA,NA
05761,mpio,Sopetrán,-75.7436640764976,6.521656625872611,05761,05,5761,Sop,NA,NA,NA,NA,NA,NA,NA,NA,NA,NA,NA,NA,NA,NA,NA,NA,NA,NA,NA,NA,NA,NA,NA,NA,NA,NA,NA,NA,NA,NA,NA,NA,NA,NA
05660,mpio,San Luis,-74.96154989355873,6.014786781351678,05660,05,5660,San,NA,NA,NA,NA,NA,NA,NA,NA,NA,NA,NA,NA,NA,NA,NA,NA,NA,NA,NA,NA,NA,NA,NA,NA,NA,NA,NA,NA,NA,NA,NA,NA,NA,NA
05789,mpio,Támesis,-75.71005278523353,5.673450034296747,05789,05,5789,Tám,NA,NA,NA,NA,NA,NA,NA,NA,NA,NA,NA,NA,NA,NA,NA,NA,NA,NA,NA,NA,NA,NA,NA,NA,NA,NA,NA,NA,NA,NA,NA,NA,NA,NA
05670,mpio,San Roque,-74.93172497367671,6.449296115781239,05670,05,5670,San,NA,NA,NA,NA,NA,NA,NA,NA,NA,NA,NA,NA,NA,NA,NA,NA,NA,NA,NA,NA,NA,NA,NA,NA,NA,NA,NA,NA,NA,NA,NA,NA,NA,NA
