nivl_vl,id_nivl,nvl_lbl,X,Y,code5,depcode,nvl_vl_,nvl_l_2,nvl_label,idx1_servicio1,idx2_Adultez1,idx2_Adultez2,idx2_Adultez3,idx3_climatico1,idx3_climatico2,idx4_Capacidad1,idx4_Capacidad2,idx5_viviendas1,idx5_viviendas2,idx6_crecimiento1,idx6_crecimiento2,idx6_crecimiento3,idx7_gini1,idx8_demografica1,idx9_infnin1,idx9_infnin2,idx9_infnin3,idx9_infnin4,idx10_juventud1,idx10_juventud2,idx10_juventud3,idx10_juventud4,idx11_pobreza1,idx11_pobreza2,idx12_salud1,idx12_salud2,idx13_saludmental1,idx13_saludmental2,idx14_seguridad1,idx14_seguridad2,idx15_vejez1,sub_grp,centroid,x_centroid,y_centroid
05001,mpio,Medellín,-75.6127999092285,6.258851646871735,05001,05,5001,Med,medellin,0.7820311066757323,1.293927299212888,-0.8967279335840689,0.19850440655628354,0.3370990310731764,-0.3466359880391673,2.931052031813679,4.41506087174547,0.20970175130415422,0.27014680180726064,-0.8769162086846004,1.2320313719584246,0.7538520178454674,1.0200823898964528,0.5524277317374668,0.4435585693479379,0.189777049058063,-0.21558863182962276,-0.32285007000831945,0.8628130054706227,-1.0275939845684954,-0.6889492802680893,-0.5356116090600133,-0.859217144381918,-1.0845763527072412,-0.42709413340779784,0.9213228725213545,0.10827289533416665,-0.026901377339402004,-1.5726419888106744,2.066485962284576,0.3446246642877963,Consolidada - Bajo,"c(-75.6127958609636, 6.25885191432922)",-75.61279586096356,6.2588519143292185
05079,mpio,Barbosa,-75.32786343666069,6.443319090375343,05079,05,5079,Bar,barbosa,-2.4259978804859346,2.5163306310576257,0.38958828098620785,-1.3175809780103063,-0.42872277636639905,0.44166406990373325,-1.1037449746092787,0.014655343915931979,-0.4938031837070999,-1.3848383395971258,0.280838654408035,-0.032630216634423156,0.39018139603049934,-0.3749649174142044,-0.08318514271724117,-1.3058353932851936,1.3103433754861369,-0.29783213391111746,0.6017223153357516,-1.5415893116639041,0.4704120375067185,1.2558277944692386,0.12454914183674111,-0.7399169282832997,-1.2274519603906622,0.1276308331191899,0.3804806982216548,-0.5571179148454454,-0.5333628623265181,-0.9528681897508675,-0.7060686210217755,0.7018374440083869,Consolidada - Medio,"c(-75.3278672420824, 6.44332029016453)",-75.32786724208236,6.443320290164533
05088,mpio,Bello,-75.59025592930725,6.359736868390984,05088,05,5088,Bel,bello,0.7970162012518923,1.2031429593935534,-0.534627145407812,0.015007003180163072,-0.7536571086082267,-1.2307786850867795,-0.5674753354665705,-0.2652163917145294,-2.2990343761376035,-0.37234952631230334,-1.2116433012863486,0.11146664495150672,-0.008357962299917988,0.28531972973326386,0.6729987534982058,0.19399122432570529,0.89561104800728,-0.7194431830135004,-0.02686295696965367,-0.07956282279691175,-0.27877389352260773,1.0876219493014188,0.2859649183830711,-1.3636837748326316,-0.4704091208692823,-0.47456857481831644,-0.049690586161695166,-0.20154000849066445,0.19412209572178515,-0.32663060129777516,0.19704431588156412,-1.2838722965378369,Consolidada - Bajo,"c(-75.5902551901948, 6.35973698721229)",-75.59025519019482,6.35973698721229
05129,mpio,Caldas,-75.62741770351639,6.053784062121476,05129,05,5129,Cal,caldas,0.8641766615826867,0.13962817978144404,-0.9892798234164496,2.088354401300649,0.2868026053792128,-1.9016992028638409,-0.371960728535674,-0.2970566260253478,-0.484445386405736,-1.2220977901877736,-0.15079886439994739,0.34031911776454327,1.322996042481685,1.1945976053395497,0.7454271230749018,0.5516643145852416,-0.016118816810850187,-0.4533758599857935,-1.1597280200980502,0.3835449152996683,-1.5633103936068855,1.016018693688878,-1.5841051178606749,0.40519148855863446,0.01608880884398475,-0.9767179195470588,-0.49665520914540706,-1.3827191708625828,-1.049955837935085,-0.5026641417008602,-0.6266636685469511,0.5408361526229807,Consolidada - Bajo,"c(-75.6274171329718, 6.05378347307067)",-75.62741713297176,6.053783473070674
05148,mpio,El Carmen De Viboral,-75.26349613727776,5.978210403191516,05148,05,5148,El,el_carmen_de_viboral,0.5705791853315374,-1.3867689855927143,1.0304784420939697,0.1841096338668419,-1.4297645744055012,-0.2568037718942006,0.03896600588798758,-0.18067495372546502,-0.3900821369023749,0.059201791850893,-0.7288627871736038,-0.06986986844972397,-2.2190116646,-1.5704850583960106,-0.10297057613643514,-1.0149542862983114,0.5948825332248181,0.8575040526816367,-0.5512411292176492,-0.0033089506442320698,-0.0020600309570453362,0.8935885687769756,-0.23151023222078815,0.812684769839869,-0.5253624758325744,0.4204795930481329,0.03537622936332685,-0.11368655357982574,-0.5933447975045619,-1.0559657444532864,1.055312262757323,-1.3486296205439747,Consolidada - Medio,"c(-75.2634861924098, 5.97820431327253)",-75.26348619240976,5.978204313272531
05212,mpio,Copacabana,-75.50078768363375,6.351711758645678,05212,05,5212,Cop,copacabana,0.07738159261219164,-0.8036720044145613,-0.4437430637718596,1.5116038873656557,0.057856664795106906,0.41359343950532407,-0.4332496996588606,-0.26714870848884864,-1.2640167827538937,-1.566310190012773,-0.40113963217883936,0.8432490285890311,0.7407719195587387,-1.4954921286058325,0.6909651721210149,-0.29629173393382785,-0.4541156047942337,-0.028964737647929686,0.6120592976477403,0.3945533489092294,0.39900048688268536,-0.30440523260467517,0.585774069909968,-0.4052616788913009,-0.9336470438322358,-0.11663024108411815,-0.013333430249201474,-0.7145564561598144,0.3469903923783722,-0.3512473232427854,-0.1038084386214363,0.6929082022703719,Consolidada - Bajo,"c(-75.5007877777606, 6.35171057242269)",-75.50078777776055,6.351710572422692
05237,mpio,Donmatías,-75.36443323910986,6.505640968190662,05237,05,5237,Don,donmatias,-2.2772046006724795,-0.3100053234458493,-1.8854840940239634,0.4282243861525569,-0.5186781554955937,-0.35545523858235956,-0.06522002244051227,-0.14561727620362408,0.5058228424014263,-1.1684391703335826,-0.3664526432483,-0.17946104104937205,1.1416573200890094,-0.9091997233046104,-0.8897535958228397,0.7475259784475705,-0.6098447072730553,-2.427059471236581,-2.2699084144444823,-1.7382859180715315,-1.923543425410126,1.8563493577346786,-3.0537479797022247,-0.816038064461808,-1.1595414898457208,-0.29057601197174315,-0.8353383102317912,-0.060227272004461103,-1.8138347659960745,0.3500491223824648,0.5265822263854002,-0.9529165573955585,Consolidada - Bajo,"c(-75.3644390181921, 6.50564510647538)",-75.3644390181921,6.505645106475384
05264,mpio,Entrerríos,-75.56045049867288,6.594134234233711,05264,05,5264,Ent,entrerrios,-0.4354194144735546,0.021814463422668073,1.4657248483731824,-1.238319606902146,-0.6312199042151921,-0.627833241880403,-0.8932561303590117,0.037462718921047175,1.1786094357233226,-0.03687649587602601,-0.7689454489064725,-0.16590186630487652,1.3122272654667293,-0.5745496341233419,-0.3193101766371208,-1.5465028059076964,1.2906018119071005,0.7958660160713356,-1.205728615984516,-0.09570540689082016,2.039363534721254,0.49007981398412526,1.5875655023031758,0.24139399066826528,0.4101004309273076,0.011032210070232765,-0.48748349725240947,0.3117927168448351,-0.18310477721436869,0.7450222599009623,-0.6753418653341211,-1.8346713619084338,Consolidada - Medio,"c(-75.5604456405839, 6.59413225252137)",-75.56044564058388,6.594132252521366
05266,mpio,Envigado,-75.54426721678229,6.153270262995447,05266,05,5266,Env,envigado,0.47348434470126527,-0.8350709740101951,-0.48351799115577104,0.2830377867403722,0.6947015974165427,0.05640322820658025,0.9421627041166605,-0.4536705048194239,1.6908079732469907,0.9924899664579799,-0.820013024365773,1.604508611599677,-0.4690953792694911,1.5292524088263149,0.7437959990837772,-0.9091637326695466,0.1461521895882289,1.0758045228843902,0.9684602534037449,1.5883336170827456,0.11369794297054901,-0.40470322683902815,0.19835700675537907,1.9091026144214909,0.8108616503782724,0.4368953741147514,0.49348276937123314,0.17638721143198832,0.5715774466538338,1.16398751009371,-1.1961945303367276,1.9603678428102405,Consolidada - Alto,"c(-75.5442688402806, 6.15327144586498)",-75.54426884028055,6.1532714458649815
05308,mpio,Girardota,-75.44547717784441,6.380937720313014,05308,05,5308,Gir,girardota,-1.367088100571083,0.9525221180896888,-0.9390721493646909,0.7236973511725271,-1.1747635441297775,-0.08934215497879114,-0.7277236486130592,-0.17442184683949183,-0.29297187651766826,-0.8942494409604924,-1.2482594060145389,0.603225281979054,0.061856072948732986,0.4675277027612443,0.46752102111549654,-0.45428323665611015,1.1768944540544972,-2.082401605368299,0.12852009896798613,-0.24232447958988648,0.05282026160781046,0.9014938218385631,0.32231312194228373,-0.2048458556164961,0.35281644182143823,0.3275420831196945,0.4444058194344466,-0.971316782555505,-0.7564185935108275,-0.4497781754012662,-1.4505470556957965,0.2359191610347948,Consolidada - Bajo,"c(-75.4454759122314, 6.38093760218398)",-75.44547591223143,6.38093760218398
05318,mpio,Guarne,-75.43763944108595,6.267760690627175,05318,05,5318,Gua,guarne,-1.008058337136937,-0.5820541134148368,0.05195423697924935,-0.5122106951333879,-0.5816010413758627,-1.2498950743877528,0.48700501298333176,-0.3371440204689641,-0.5230850724012054,0.0648789643130623,1.5179940888133097,-1.3653724828604703,-1.64291178811601,-0.8390237417681485,-0.34105580052414897,-0.26992681739991486,0.5890768410468563,-1.35398474312207,-0.4890524164204689,-0.4919366790790009,0.32034349534187556,1.2951366849447663,0.3879290765307619,-0.46903140650722497,0.30368111679956966,2.3612917075110005,2.2674924781191006,-0.010786218492137773,-0.11099974024897921,-0.2603773796125337,0.7779489304630314,0.8077565591475417,Consolidada - Medio,"c(-75.4376399028451, 6.26775993195272)",-75.43763990284513,6.267759931952719
05321,mpio,Guatapé,-75.15906120952536,6.244397081847873,05321,05,5321,Gua,guatape,-0.16497473204916635,-0.1496644394418561,0.7802407560299698,0.5075641031067928,-0.5880170209061338,0.09408385555753625,-0.5817073684611337,0.028138084038555996,-0.9599437889423854,1.5324660538436095,0.13647496811519386,0.25734879862522775,1.0023220788057376,-0.5885466848235364,-0.9765321757888793,0.6334617086977394,-1.1143857747820018,-0.1055887008595595,0.7046754885392318,-0.3579145822542259,-0.10729204876083928,-1.1301984450944271,0.15386610214388022,-0.7907608039806184,0.5439499844204048,-1.0273359373207207,-0.7438664211243836,2.1742841048025463,3.200105174907554,1.6223442194995403,-0.23822229355216035,0.7841297229822483,Consolidada - Medio,"c(-75.1590619278871, 6.24439571981163)",-75.15906192788712,6.24439571981163
05360,mpio,Itagüí,-75.61545770302317,6.179161031636978,05360,05,5360,Ita,itagui,0.1848993673743951,0.563759148757642,-0.46909769143991653,0.1708821255301781,0.7103192237495957,1.250971123394325,1.233008491815429,-0.5109403817858121,0.3050318115765503,0.5027962484564715,1.2364921355561174,0.995397245542955,0.7390373544187655,0.9969967849952179,1.0826377245326935,-0.25168256361116625,0.4700658179008962,0.1137122658818676,1.470573521974252,0.3378810093964686,-0.028876712834808086,0.31425190776807693,0.0217370021207335,-0.1223407234674744,-0.9728181445637342,-0.5907774914624497,-0.3985122460535988,-0.9496318399178937,-0.24396137327989958,1.3408867702861857,-0.453211392089219,-0.4477422071734545,Consolidada - Alto,"c(-75.6154581523722, 6.17916106576131)",-75.61545815237221,6.179161065761305
05376,mpio,La Ceja,-75.43030891759122,5.992683613466378,05376,05,5376,La,la_ceja,-0.26659358553820456,0.5396841233970401,0.6998162217981502,0.8739345804932688,-0.2816883827432277,-0.1941110103759959,0.5758556543426808,-0.31162892919672597,-0.4213549208943582,0.8783338811334697,0.9322577220909706,-0.7614519158556204,1.2610769734657243,-0.9539555788249723,0.020783943758399488,-0.1383930766826893,0.9147368806088206,1.5689848619167976,0.12828840606627603,-0.08614743447078192,0.6339998556358173,-0.9582286371679432,1.7431877253380745,1.2123866109134531,-0.025631452635849965,1.891998721662273,1.9182836075486296,0.6346155267578729,0.39174749759659677,-0.4096313342474688,0.386997237661119,0.29853165148547695,Consolidada - Medio,"c(-75.4303113900692, 5.99268145939337)",-75.43031139006916,5.992681459393369
05380,mpio,La Estrella,-75.64810139058127,6.137991524064695,05380,05,5380,La,la_estrella,0.549759979790831,-0.2807193945851641,1.6716104703682533,-1.3477720360643315,-0.23697720752480117,-0.8249814849208248,-0.6525102336378509,-0.31238323000848656,-0.23567402976500443,0.7385188533232149,-0.7711850619535304,0.842752579965318,0.0200833172512204,0.9590810699600181,1.3062959020895595,1.4843027258235355,-2.538484034943318,0.3571471050669913,1.5152168812269977,1.2215230949315694,-0.9907636466713324,-0.771587713458813,0.7979876320823788,-0.24428995389343852,-2.064829789047005,-1.4370064641883842,-1.0134470465607435,-1.4486033583689444,-0.8289511538777785,0.8642188702647887,-1.1706731791121607,0.45012319418544716,Consolidada - Alto,"c(-75.6481009283516, 6.13799143246582)",-75.64810092835162,6.137991432465817
05400,mpio,La Unión,-75.35545202261368,5.939623738785881,05400,05,5400,La,la_union,-0.4922077827361038,0.698349340003191,1.5135355113521713,0.3281517772158234,-0.882805023110105,0.3342742316720907,0.6442297552736678,-0.1885535281482643,-0.40564005868682657,-1.6567995403061841,-0.09523940909154602,-1.6199188909640072,0.14492052718168122,1.4343895965602365,-0.5049167700565155,-0.38398075116929525,-0.16970528514447272,0.1843673949471166,0.6543152522900235,-0.9413533641294867,1.6357678956566064,-0.6491426816375911,-0.4914573834624523,-1.2483631300404914,0.14900023241542687,-0.5084170879856952,-0.8433159680517542,2.122663539254195,1.0398584402786437,-0.7172658268429382,-0.6154034166886329,-1.0628169275910802,Consolidada - Medio,"c(-75.3554510227779, 5.93962365241806)",-75.35545102277786,5.939623652418062
05440,mpio,Marinilla,-75.30769061033766,6.181693631225957,05440,05,5440,Mar,marinilla,1.192267133162734,-0.3382022446055456,-0.7002784294638124,-2.245325559812697,0.2576264844040511,0.8364007914730504,-1.614588356844653,0.007173634399805066,1.01159333011998,1.028064990420974,1.253267005319074,-1.1834021155779801,-1.1137919727343153,-0.5650022253681267,-0.21427755367055046,0.8232775098573832,0.04351561597723523,-0.5603883571558359,-0.683113711237435,-0.36444730826645283,0.39651677202206215,0.008992079342968704,-0.3084103834472235,-0.01825292454250437,-0.34851232406541466,-0.02368739233232562,-0.5275267716654644,-0.7298484748265914,0.3661623322304854,-1.6534237110673675,1.7129768377845909,-0.9474559812187356,Consolidada - Medio,"c(-75.3076917029502, 6.18169260057089)",-75.30769170295022,6.1816926005708925
05541,mpio,Peñol,-75.22269659707484,6.231819957054269,05541,05,5541,Peñ,penol,0.6257097914697851,-0.6260105032306869,0.0895910989740832,0.12667977412543158,-0.38650999467061853,0.5089810744450914,-0.7729255273375645,-0.008931065403548736,1.0022186809017584,0.007125446413298019,0.5012347704297765,-1.3565486271257854,-1.1569244800979968,-1.1869283098806298,-1.878810139302178,0.0617353358794045,0.08810672909567353,0.4459496060596695,-0.8112913523882164,-1.2968550990854428,0.7190928401757408,-0.882732997078408,0.19704813532602145,-0.4392872491996177,1.3752611586233532,-0.3944717931327212,-0.8688366596133248,0.5616336063786852,-0.5203036013697133,-0.05473813359170373,-0.21771279225168044,0.2862936060218813,Consolidada - Medio,"c(-75.2226958689294, 6.23181803646386)",-75.2226958689294,6.231818036463857
05607,mpio,Retiro,-75.51605227675036,6.051256284418432,05607,05,5607,Ret,retiro,-0.006186309074315852,-1.1694818005172314,1.5862329160787922,-0.6771050365894113,1.8492195793190789,-1.4641382035746293,0.045649193670227746,-0.25833870920633795,-0.9228140328133578,0.7332185092979878,-0.8799095213937631,0.04293873666495428,-0.4037667965966807,-0.5818158809103965,-0.5037687442226667,2.3194538472635418,-2.1606774178844996,1.0185024561385005,-1.3113173078236462,0.2569377227222782,0.004050447348843629,-1.2228384510802808,0.8216647135723213,1.6543022559441933,1.4516715469081949,0.13239978689636178,-0.3475062265640201,-0.5583905394996627,-0.5441389115397887,1.1865920079453574,1.6264979468834746,1.1828745838041876,Consolidada - Alto,"c(-75.5160532016443, 6.05125478340941)",-75.51605320164425,6.051254783409405
05615,mpio,Rionegro,-75.41294203284635,6.149877287649464,05615,05,5615,Rio,rionegro,0.709332292369314,-1.4647469344986945,-0.640312469378375,0.11981555605787679,2.375705545758349,1.3575918386284465,1.0600202465697288,-0.4756115130620552,0.6610456120769714,-0.8440589504938252,2.329263374587369,-0.7267149984742368,-0.7581100561132716,0.6317796545204916,0.4662104440422026,1.4858908251680345,-0.5800849258081755,0.47440433365284496,0.0508152207025385,1.2637881110064029,-1.6780579306860186,0.3248217875891029,0.20616683996850263,0.7326592344907443,1.6242331340827987,2.115821423287628,2.0456149418491587,1.2509091074521426,0.17471909841044603,0.10094694275393931,-0.12171679683154278,0.5317240621146165,Consolidada - Medio,"c(-75.4129436744311, 6.14987547761477)",-75.41294367443106,6.1498754776147715
05631,mpio,Sabaneta,-75.60861361962914,6.138205541670269,05631,05,5631,Sab,sabaneta,0.8540813944269087,0.9306253530691114,-0.5253535013736892,-0.9566967580780276,1.9301916388233045,2.1713857953546047,0.5083034512842204,-0.29373333886211084,1.954527599536878,1.342059588808454,-0.8447274125636358,1.8528314755376072,-0.5952704402746023,1.2192068990612137,1.6349504840737292,-0.8467402674241357,-0.42326270887455403,0.3465359291936036,1.4830724127833343,2.07396025737248,-0.35737941128163564,-1.8694478151476608,-0.7194080530913571,1.918854911631257,0.29660506401060627,-1.1674472085890883,-0.9305228315655283,-0.7434020082461748,-0.4033714246455374,1.7450585861357042,-1.3087403426917519,0.5260374572942964,Consolidada - Alto,"c(-75.6086134081357, 6.13820578277992)",-75.60861340813568,6.138205782779918
05697,mpio,El Santuario,-75.25350313907576,6.124364458093594,05697,05,5697,El,el_santuario,0.763011691988507,-0.9133868984275171,-0.7712784906536182,0.7354438977258848,-0.6051176371669786,1.076324608443963,-0.6818905217934439,-0.02141962906177379,0.17350660903948537,0.9967183479534117,0.976270001941055,-1.2647968698818022,-0.5237417454417052,-0.09826995823419353,-2.5694336242488753,-1.327107374358207,0.3569149303595503,1.005848879635555,0.5133748456545606,-1.1439037252487902,1.1725859084298311,-0.5619479790618757,-0.5098602293685585,-1.165286238369084,1.478510584558364,-0.3903614769888525,-0.9504242121895831,1.1012678895932722,1.3233667386108185,-0.8118737392431256,0.5344586726728789,-1.4658593517011917,Consolidada - Medio,"c(-75.2535017418336, 6.12436533544566)",-75.25350174183357,6.12436533544566
05893,mpio,Yondó,-74.1591850871306,6.924952641125988,05893,05,5893,Yon,NA,NA,NA,NA,NA,NA,NA,NA,NA,NA,NA,NA,NA,NA,NA,NA,NA,NA,NA,NA,NA,NA,NA,NA,NA,NA,NA,NA,NA,NA,NA,NA,NA,NA,"c(-74.159244550876, 6.92495519613912)",-74.15924455087598,6.924955196139118
05895,mpio,Zaragoza,-74.85727639831647,7.474121234219121,05895,05,5895,Zar,NA,NA,NA,NA,NA,NA,NA,NA,NA,NA,NA,NA,NA,NA,NA,NA,NA,NA,NA,NA,NA,NA,NA,NA,NA,NA,NA,NA,NA,NA,NA,NA,NA,NA,"c(-74.8572607136139, 7.47411082931831)",-74.85726071361393,7.474110829318305
05585,mpio,Puerto Nare,-74.7036375799297,6.126028012303996,05585,05,5585,Pue,NA,NA,NA,NA,NA,NA,NA,NA,NA,NA,NA,NA,NA,NA,NA,NA,NA,NA,NA,NA,NA,NA,NA,NA,NA,NA,NA,NA,NA,NA,NA,NA,NA,NA,"c(-74.7036493840378, 6.12602375952278)",-74.70364938403777,6.126023759522777
05002,mpio,Abejorral,-75.43996915359027,5.802327928317855,05002,05,5002,Abe,NA,NA,NA,NA,NA,NA,NA,NA,NA,NA,NA,NA,NA,NA,NA,NA,NA,NA,NA,NA,NA,NA,NA,NA,NA,NA,NA,NA,NA,NA,NA,NA,NA,NA,"c(-75.4399735280041, 5.80232659711923)",-75.4399735280041,5.802326597119229
05004,mpio,Abriaquí,-76.0871416147664,6.628242805445521,05004,05,5004,Abr,NA,NA,NA,NA,NA,NA,NA,NA,NA,NA,NA,NA,NA,NA,NA,NA,NA,NA,NA,NA,NA,NA,NA,NA,NA,NA,NA,NA,NA,NA,NA,NA,NA,NA,"c(-76.0871398181018, 6.62824000485719)",-76.08713981810178,6.6282400048571875
05021,mpio,Alejandría,-75.08992268709144,6.364688109831899,05021,05,5021,Ale,NA,NA,NA,NA,NA,NA,NA,NA,NA,NA,NA,NA,NA,NA,NA,NA,NA,NA,NA,NA,NA,NA,NA,NA,NA,NA,NA,NA,NA,NA,NA,NA,NA,NA,"c(-75.0899261921389, 6.3646898432227)",-75.08992619213893,6.364689843222701
05030,mpio,Amagá,-75.70694035674894,6.032726554782707,05030,05,5030,Ama,NA,NA,NA,NA,NA,NA,NA,NA,NA,NA,NA,NA,NA,NA,NA,NA,NA,NA,NA,NA,NA,NA,NA,NA,NA,NA,NA,NA,NA,NA,NA,NA,NA,NA,"c(-75.7069405771605, 6.03272633718342)",-75.70694057716048,6.032726337183424
05031,mpio,Amalfi,-74.98142088861091,6.977017823056702,05031,05,5031,Ama,NA,NA,NA,NA,NA,NA,NA,NA,NA,NA,NA,NA,NA,NA,NA,NA,NA,NA,NA,NA,NA,NA,NA,NA,NA,NA,NA,NA,NA,NA,NA,NA,NA,NA,"c(-74.9814412582848, 6.97699443058546)",-74.98144125828479,6.976994430585462
05034,mpio,Andes,-75.92493905135751,5.624279481107275,05034,05,5034,And,NA,NA,NA,NA,NA,NA,NA,NA,NA,NA,NA,NA,NA,NA,NA,NA,NA,NA,NA,NA,NA,NA,NA,NA,NA,NA,NA,NA,NA,NA,NA,NA,NA,NA,"c(-75.9249414714798, 5.62427570929891)",-75.92494147147977,5.624275709298906
05036,mpio,Angelópolis,-75.71816333813786,6.119759257449431,05036,05,5036,Ang,NA,NA,NA,NA,NA,NA,NA,NA,NA,NA,NA,NA,NA,NA,NA,NA,NA,NA,NA,NA,NA,NA,NA,NA,NA,NA,NA,NA,NA,NA,NA,NA,NA,NA,"c(-75.7181633292219, 6.11975947165204)",-75.71816332922194,6.119759471652045
05038,mpio,Angostura,-75.35932847383421,6.861471413586091,05038,05,5038,Ang,NA,NA,NA,NA,NA,NA,NA,NA,NA,NA,NA,NA,NA,NA,NA,NA,NA,NA,NA,NA,NA,NA,NA,NA,NA,NA,NA,NA,NA,NA,NA,NA,NA,NA,"c(-75.3593366624753, 6.86147153386768)",-75.3593366624753,6.861471533867675
05040,mpio,Anorí,-75.10780220695464,7.193963891656249,05040,05,5040,Ano,NA,NA,NA,NA,NA,NA,NA,NA,NA,NA,NA,NA,NA,NA,NA,NA,NA,NA,NA,NA,NA,NA,NA,NA,NA,NA,NA,NA,NA,NA,NA,NA,NA,NA,"c(-75.1078298930685, 7.19394038036964)",-75.10782989306846,7.1939403803696385
05042,mpio,Santa Fé De Antioquia,-75.90499964678077,6.534498010517901,05042,05,5042,San,NA,NA,NA,NA,NA,NA,NA,NA,NA,NA,NA,NA,NA,NA,NA,NA,NA,NA,NA,NA,NA,NA,NA,NA,NA,NA,NA,NA,NA,NA,NA,NA,NA,NA,"c(-75.9049987125927, 6.53449419372338)",-75.90499871259266,6.534494193723384
05044,mpio,Anzá,-75.91231309090341,6.305861557837838,05044,05,5044,Anz,NA,NA,NA,NA,NA,NA,NA,NA,NA,NA,NA,NA,NA,NA,NA,NA,NA,NA,NA,NA,NA,NA,NA,NA,NA,NA,NA,NA,NA,NA,NA,NA,NA,NA,"c(-75.9123157890697, 6.30586030808864)",-75.9123157890697,6.305860308088643
05045,mpio,Apartadó,-76.56706680254926,7.897074436040532,05045,05,5045,Apa,NA,NA,NA,NA,NA,NA,NA,NA,NA,NA,NA,NA,NA,NA,NA,NA,NA,NA,NA,NA,NA,NA,NA,NA,NA,NA,NA,NA,NA,NA,NA,NA,NA,NA,"c(-76.5670801968578, 7.89707806515639)",-76.56708019685779,7.89707806515639
05051,mpio,Arboletes,-76.41522867595302,8.612251717517433,05051,05,5051,Arb,NA,NA,NA,NA,NA,NA,NA,NA,NA,NA,NA,NA,NA,NA,NA,NA,NA,NA,NA,NA,NA,NA,NA,NA,NA,NA,NA,NA,NA,NA,NA,NA,NA,NA,"c(-76.4152261602226, 8.61223195454526)",-76.41522616022262,8.612231954545262
05055,mpio,Argelia,-75.09746529951609,5.708071781632922,05055,05,5055,Arg,NA,NA,NA,NA,NA,NA,NA,NA,NA,NA,NA,NA,NA,NA,NA,NA,NA,NA,NA,NA,NA,NA,NA,NA,NA,NA,NA,NA,NA,NA,NA,NA,NA,NA,"c(-75.0974688521808, 5.70807738989561)",-75.09746885218077,5.708077389895609
05059,mpio,Armenia,-75.80864705689626,6.160281593099016,05059,05,5059,Arm,NA,NA,NA,NA,NA,NA,NA,NA,NA,NA,NA,NA,NA,NA,NA,NA,NA,NA,NA,NA,NA,NA,NA,NA,NA,NA,NA,NA,NA,NA,NA,NA,NA,NA,"c(-75.8086465416219, 6.16028090078363)",-75.80864654162194,6.16028090078363
05347,mpio,Heliconia,-75.74849458320183,6.213585984409352,05347,05,5347,Hel,NA,NA,NA,NA,NA,NA,NA,NA,NA,NA,NA,NA,NA,NA,NA,NA,NA,NA,NA,NA,NA,NA,NA,NA,NA,NA,NA,NA,NA,NA,NA,NA,NA,NA,"c(-75.7484930400916, 6.21358565771173)",-75.74849304009165,6.213585657711726
05086,mpio,Belmira,-75.65593854553747,6.655416376409969,05086,05,5086,Bel,NA,NA,NA,NA,NA,NA,NA,NA,NA,NA,NA,NA,NA,NA,NA,NA,NA,NA,NA,NA,NA,NA,NA,NA,NA,NA,NA,NA,NA,NA,NA,NA,NA,NA,"c(-75.6559342523805, 6.65540497738153)",-75.65593425238055,6.655404977381533
05670,mpio,San Roque,-74.93172497367671,6.449296115781239,05670,05,5670,San,NA,NA,NA,NA,NA,NA,NA,NA,NA,NA,NA,NA,NA,NA,NA,NA,NA,NA,NA,NA,NA,NA,NA,NA,NA,NA,NA,NA,NA,NA,NA,NA,NA,NA,"c(-74.93172000167, 6.44929995774305)",-74.93172000167003,6.449299957743046
05091,mpio,Betania,-75.98391538682482,5.726633681705867,05091,05,5091,Bet,NA,NA,NA,NA,NA,NA,NA,NA,NA,NA,NA,NA,NA,NA,NA,NA,NA,NA,NA,NA,NA,NA,NA,NA,NA,NA,NA,NA,NA,NA,NA,NA,NA,NA,"c(-75.9839165267239, 5.72663534952997)",-75.98391652672395,5.726635349529969
05093,mpio,Betulia,-75.9571432806565,6.184841691374015,05093,05,5093,Bet,NA,NA,NA,NA,NA,NA,NA,NA,NA,NA,NA,NA,NA,NA,NA,NA,NA,NA,NA,NA,NA,NA,NA,NA,NA,NA,NA,NA,NA,NA,NA,NA,NA,NA,"c(-75.9571428193463, 6.18484138586442)",-75.95714281934634,6.184841385864419
05101,mpio,Ciudad Bolívar,-76.00902572747876,5.840445938385701,05101,05,5101,Ciu,NA,NA,NA,NA,NA,NA,NA,NA,NA,NA,NA,NA,NA,NA,NA,NA,NA,NA,NA,NA,NA,NA,NA,NA,NA,NA,NA,NA,NA,NA,NA,NA,NA,NA,"c(-76.0090264747721, 5.84044554272182)",-76.0090264747721,5.8404455427218185
05107,mpio,Briceño,-75.56490046652242,7.110452631076573,05107,05,5107,Bri,NA,NA,NA,NA,NA,NA,NA,NA,NA,NA,NA,NA,NA,NA,NA,NA,NA,NA,NA,NA,NA,NA,NA,NA,NA,NA,NA,NA,NA,NA,NA,NA,NA,NA,"c(-75.5649049708903, 7.11044910690774)",-75.56490497089034,7.110449106907743
05113,mpio,Buriticá,-75.91248836264813,6.809453076648512,05113,05,5113,Bur,NA,NA,NA,NA,NA,NA,NA,NA,NA,NA,NA,NA,NA,NA,NA,NA,NA,NA,NA,NA,NA,NA,NA,NA,NA,NA,NA,NA,NA,NA,NA,NA,NA,NA,"c(-75.9124854811334, 6.80944193585963)",-75.91248548113336,6.809441935859635
05120,mpio,Cáceres,-75.22433705064566,7.665837684237721,05120,05,5120,Các,NA,NA,NA,NA,NA,NA,NA,NA,NA,NA,NA,NA,NA,NA,NA,NA,NA,NA,NA,NA,NA,NA,NA,NA,NA,NA,NA,NA,NA,NA,NA,NA,NA,NA,"c(-75.2243077445182, 7.66580923141836)",-75.22430774451823,7.665809231418357
05125,mpio,Caicedo,-75.99308115459601,6.42100735120007,05125,05,5125,Cai,NA,NA,NA,NA,NA,NA,NA,NA,NA,NA,NA,NA,NA,NA,NA,NA,NA,NA,NA,NA,NA,NA,NA,NA,NA,NA,NA,NA,NA,NA,NA,NA,NA,NA,"c(-75.9930783588689, 6.42100623440063)",-75.99307835886887,6.421006234400627
05411,mpio,Liborina,-75.78253022419172,6.724089512176238,05411,05,5411,Lib,NA,NA,NA,NA,NA,NA,NA,NA,NA,NA,NA,NA,NA,NA,NA,NA,NA,NA,NA,NA,NA,NA,NA,NA,NA,NA,NA,NA,NA,NA,NA,NA,NA,NA,"c(-75.782529453141, 6.7240892057236)",-75.78252945314101,6.724089205723598
05134,mpio,Campamento,-75.28881522501538,7.037716156016605,05134,05,5134,Cam,NA,NA,NA,NA,NA,NA,NA,NA,NA,NA,NA,NA,NA,NA,NA,NA,NA,NA,NA,NA,NA,NA,NA,NA,NA,NA,NA,NA,NA,NA,NA,NA,NA,NA,"c(-75.2888127932178, 7.03770937201653)",-75.28881279321779,7.0377093720165345
05138,mpio,Cañasgordas,-76.02658521349967,6.81288679781354,05138,05,5138,Cañ,NA,NA,NA,NA,NA,NA,NA,NA,NA,NA,NA,NA,NA,NA,NA,NA,NA,NA,NA,NA,NA,NA,NA,NA,NA,NA,NA,NA,NA,NA,NA,NA,NA,NA,"c(-76.0265855612905, 6.81287855485969)",-76.0265855612905,6.812878554859686
05142,mpio,Caracolí,-74.73366777567848,6.336162250890057,05142,05,5142,Car,NA,NA,NA,NA,NA,NA,NA,NA,NA,NA,NA,NA,NA,NA,NA,NA,NA,NA,NA,NA,NA,NA,NA,NA,NA,NA,NA,NA,NA,NA,NA,NA,NA,NA,"c(-74.7336619510668, 6.33616053786727)",-74.73366195106681,6.3361605378672685
05145,mpio,Caramanta,-75.63239525845898,5.555918217498725,05145,05,5145,Car,NA,NA,NA,NA,NA,NA,NA,NA,NA,NA,NA,NA,NA,NA,NA,NA,NA,NA,NA,NA,NA,NA,NA,NA,NA,NA,NA,NA,NA,NA,NA,NA,NA,NA,"c(-75.6323954276678, 5.55591947968517)",-75.63239542766783,5.555919479685167
05147,mpio,Carepa,-76.65715946423613,7.788864134813334,05147,05,5147,Car,NA,NA,NA,NA,NA,NA,NA,NA,NA,NA,NA,NA,NA,NA,NA,NA,NA,NA,NA,NA,NA,NA,NA,NA,NA,NA,NA,NA,NA,NA,NA,NA,NA,NA,"c(-76.6571565037284, 7.78887431391979)",-76.65715650372842,7.7888743139197905
05483,mpio,Nariño,-75.19249763297098,5.582022155674575,05483,05,5483,Nar,NA,NA,NA,NA,NA,NA,NA,NA,NA,NA,NA,NA,NA,NA,NA,NA,NA,NA,NA,NA,NA,NA,NA,NA,NA,NA,NA,NA,NA,NA,NA,NA,NA,NA,"c(-75.1925013987967, 5.58202071231248)",-75.19250139879668,5.5820207123124845
05150,mpio,Carolina,-75.30756604138291,6.754026933485864,05150,05,5150,Car,NA,NA,NA,NA,NA,NA,NA,NA,NA,NA,NA,NA,NA,NA,NA,NA,NA,NA,NA,NA,NA,NA,NA,NA,NA,NA,NA,NA,NA,NA,NA,NA,NA,NA,"c(-75.3075654870253, 6.75402657822485)",-75.30756548702529,6.75402657822485
05154,mpio,Caucasia,-75.03518926247135,7.868438265094053,05154,05,5154,Cau,NA,NA,NA,NA,NA,NA,NA,NA,NA,NA,NA,NA,NA,NA,NA,NA,NA,NA,NA,NA,NA,NA,NA,NA,NA,NA,NA,NA,NA,NA,NA,NA,NA,NA,"c(-75.0351556164189, 7.86841712642345)",-75.03515561641886,7.868417126423455
05172,mpio,Chigorodó,-76.6404373820565,7.631141978637091,05172,05,5172,Chi,NA,NA,NA,NA,NA,NA,NA,NA,NA,NA,NA,NA,NA,NA,NA,NA,NA,NA,NA,NA,NA,NA,NA,NA,NA,NA,NA,NA,NA,NA,NA,NA,NA,NA,"c(-76.6404305674734, 7.63113996675995)",-76.64043056747344,7.631139966759951
05190,mpio,Cisneros,-75.08272207407506,6.553239924643066,05190,05,5190,Cis,NA,NA,NA,NA,NA,NA,NA,NA,NA,NA,NA,NA,NA,NA,NA,NA,NA,NA,NA,NA,NA,NA,NA,NA,NA,NA,NA,NA,NA,NA,NA,NA,NA,NA,"c(-75.0827223709558, 6.55324033705498)",-75.08272237095582,6.553240337054983
05197,mpio,Cocorná,-75.16056248711166,6.007250850943549,05197,05,5197,Coc,NA,NA,NA,NA,NA,NA,NA,NA,NA,NA,NA,NA,NA,NA,NA,NA,NA,NA,NA,NA,NA,NA,NA,NA,NA,NA,NA,NA,NA,NA,NA,NA,NA,NA,"c(-75.1605543473769, 6.00724586063169)",-75.16055434737687,6.007245860631691
05206,mpio,Concepción,-75.21726770174642,6.377813571282332,05206,05,5206,Con,NA,NA,NA,NA,NA,NA,NA,NA,NA,NA,NA,NA,NA,NA,NA,NA,NA,NA,NA,NA,NA,NA,NA,NA,NA,NA,NA,NA,NA,NA,NA,NA,NA,NA,"c(-75.2172669844878, 6.37781306415756)",-75.21726698448776,6.377813064157556
05209,mpio,Concordia,-75.90024563134448,6.056953337209619,05209,05,5209,Con,NA,NA,NA,NA,NA,NA,NA,NA,NA,NA,NA,NA,NA,NA,NA,NA,NA,NA,NA,NA,NA,NA,NA,NA,NA,NA,NA,NA,NA,NA,NA,NA,NA,NA,"c(-75.9002452672486, 6.0569489988615)",-75.90024526724865,6.056948998861501
05885,mpio,Yalí,-74.75670554929039,6.717873794407401,05885,05,5885,Yal,NA,NA,NA,NA,NA,NA,NA,NA,NA,NA,NA,NA,NA,NA,NA,NA,NA,NA,NA,NA,NA,NA,NA,NA,NA,NA,NA,NA,NA,NA,NA,NA,NA,NA,"c(-74.7567134634444, 6.71788144886588)",-74.75671346344444,6.717881448865877
05234,mpio,Dabeiba,-76.31485465818015,6.992815188030559,05234,05,5234,Dab,NA,NA,NA,NA,NA,NA,NA,NA,NA,NA,NA,NA,NA,NA,NA,NA,NA,NA,NA,NA,NA,NA,NA,NA,NA,NA,NA,NA,NA,NA,NA,NA,NA,NA,"c(-76.3148923102638, 6.99281812593624)",-76.31489231026377,6.992818125936242
05604,mpio,Remedios,-74.55759481795987,6.999626036737502,05604,05,5604,Rem,NA,NA,NA,NA,NA,NA,NA,NA,NA,NA,NA,NA,NA,NA,NA,NA,NA,NA,NA,NA,NA,NA,NA,NA,NA,NA,NA,NA,NA,NA,NA,NA,NA,NA,"c(-74.5575913243756, 6.99962434396992)",-74.55759132437555,6.999624343969921
05240,mpio,Ebéjico,-75.78360947492115,6.327813263261843,05240,05,5240,Ebé,NA,NA,NA,NA,NA,NA,NA,NA,NA,NA,NA,NA,NA,NA,NA,NA,NA,NA,NA,NA,NA,NA,NA,NA,NA,NA,NA,NA,NA,NA,NA,NA,NA,NA,"c(-75.7836091915879, 6.32781128563394)",-75.78360919158791,6.327811285633941
05250,mpio,El Bagre,-74.66358838394656,7.702429952952268,05250,05,5250,El,NA,NA,NA,NA,NA,NA,NA,NA,NA,NA,NA,NA,NA,NA,NA,NA,NA,NA,NA,NA,NA,NA,NA,NA,NA,NA,NA,NA,NA,NA,NA,NA,NA,NA,"c(-74.6635878380439, 7.70238714941123)",-74.66358783804394,7.702387149411233
05628,mpio,Sabanalarga,-75.79227327581016,6.898565938343459,05628,05,5628,Sab,NA,NA,NA,NA,NA,NA,NA,NA,NA,NA,NA,NA,NA,NA,NA,NA,NA,NA,NA,NA,NA,NA,NA,NA,NA,NA,NA,NA,NA,NA,NA,NA,NA,NA,"c(-75.7922767643848, 6.89855833882913)",-75.79227676438482,6.898558338829132
05361,mpio,Ituango,-75.8492761465263,7.303221226436189,05361,05,5361,Itu,NA,NA,NA,NA,NA,NA,NA,NA,NA,NA,NA,NA,NA,NA,NA,NA,NA,NA,NA,NA,NA,NA,NA,NA,NA,NA,NA,NA,NA,NA,NA,NA,NA,NA,"c(-75.8493271071547, 7.30325671534377)",-75.8493271071547,7.303256715343767
05282,mpio,Fredonia,-75.68145870885463,5.888382462775554,05282,05,5282,Fre,NA,NA,NA,NA,NA,NA,NA,NA,NA,NA,NA,NA,NA,NA,NA,NA,NA,NA,NA,NA,NA,NA,NA,NA,NA,NA,NA,NA,NA,NA,NA,NA,NA,NA,"c(-75.6814574491565, 5.88837980862889)",-75.68145744915648,5.888379808628894
05284,mpio,Frontino,-76.3325917162759,6.690682802173942,05284,05,5284,Fro,NA,NA,NA,NA,NA,NA,NA,NA,NA,NA,NA,NA,NA,NA,NA,NA,NA,NA,NA,NA,NA,NA,NA,NA,NA,NA,NA,NA,NA,NA,NA,NA,NA,NA,"c(-76.332607337483, 6.69068312844661)",-76.33260733748303,6.690683128446606
05306,mpio,Giraldo,-75.94895428046208,6.663139482964665,05306,05,5306,Gir,NA,NA,NA,NA,NA,NA,NA,NA,NA,NA,NA,NA,NA,NA,NA,NA,NA,NA,NA,NA,NA,NA,NA,NA,NA,NA,NA,NA,NA,NA,NA,NA,NA,NA,"c(-75.9489542755412, 6.66314007612488)",-75.94895427554118,6.663140076124881
05652,mpio,San Francisco,-74.97540254759538,5.882653453275657,05652,05,5652,San,NA,NA,NA,NA,NA,NA,NA,NA,NA,NA,NA,NA,NA,NA,NA,NA,NA,NA,NA,NA,NA,NA,NA,NA,NA,NA,NA,NA,NA,NA,NA,NA,NA,NA,"c(-74.9754001980078, 5.88265284799669)",-74.97540019800782,5.882652847996691
05310,mpio,Gómez Plata,-75.1922196847316,6.709320350591201,05310,05,5310,Góm,NA,NA,NA,NA,NA,NA,NA,NA,NA,NA,NA,NA,NA,NA,NA,NA,NA,NA,NA,NA,NA,NA,NA,NA,NA,NA,NA,NA,NA,NA,NA,NA,NA,NA,"c(-75.1922207424516, 6.70931559320191)",-75.19222074245157,6.709315593201908
05313,mpio,Granada,-75.12679556191235,6.12243422302496,05313,05,5313,Gra,NA,NA,NA,NA,NA,NA,NA,NA,NA,NA,NA,NA,NA,NA,NA,NA,NA,NA,NA,NA,NA,NA,NA,NA,NA,NA,NA,NA,NA,NA,NA,NA,NA,NA,"c(-75.126794138988, 6.12243332389701)",-75.12679413898803,6.122433323897007
05315,mpio,Guadalupe,-75.22530621962781,6.861026442399097,05315,05,5315,Gua,NA,NA,NA,NA,NA,NA,NA,NA,NA,NA,NA,NA,NA,NA,NA,NA,NA,NA,NA,NA,NA,NA,NA,NA,NA,NA,NA,NA,NA,NA,NA,NA,NA,NA,"c(-75.2253078339468, 6.86102496154755)",-75.22530783394679,6.861024961547552
05660,mpio,San Luis,-74.96154989355873,6.014786781351678,05660,05,5660,San,NA,NA,NA,NA,NA,NA,NA,NA,NA,NA,NA,NA,NA,NA,NA,NA,NA,NA,NA,NA,NA,NA,NA,NA,NA,NA,NA,NA,NA,NA,NA,NA,NA,NA,"c(-74.9615443617477, 6.01478877478025)",-74.9615443617477,6.0147887747802535
05664,mpio,San Pedro De Los Milagros,-75.56245148603243,6.458259913274919,05664,05,5664,San,NA,NA,NA,NA,NA,NA,NA,NA,NA,NA,NA,NA,NA,NA,NA,NA,NA,NA,NA,NA,NA,NA,NA,NA,NA,NA,NA,NA,NA,NA,NA,NA,NA,NA,"c(-75.5624527014787, 6.45826105066188)",-75.5624527014787,6.458261050661877
05665,mpio,San Pedro De Urabá,-76.31629273729325,8.378953443870987,05665,05,5665,San,NA,NA,NA,NA,NA,NA,NA,NA,NA,NA,NA,NA,NA,NA,NA,NA,NA,NA,NA,NA,NA,NA,NA,NA,NA,NA,NA,NA,NA,NA,NA,NA,NA,NA,"c(-76.3163132699114, 8.37892644426859)",-76.31631326991139,8.378926444268593
05353,mpio,Hispania,-75.90414133833437,5.793765480968364,05353,05,5353,His,NA,NA,NA,NA,NA,NA,NA,NA,NA,NA,NA,NA,NA,NA,NA,NA,NA,NA,NA,NA,NA,NA,NA,NA,NA,NA,NA,NA,NA,NA,NA,NA,NA,NA,"c(-75.9041416546254, 5.79376542533309)",-75.90414165462536,5.793765425333095
05480,mpio,Mutatá,-76.46224454510565,7.329015725832432,05480,05,5480,Mut,NA,NA,NA,NA,NA,NA,NA,NA,NA,NA,NA,NA,NA,NA,NA,NA,NA,NA,NA,NA,NA,NA,NA,NA,NA,NA,NA,NA,NA,NA,NA,NA,NA,NA,"c(-76.4622132086294, 7.32900262726777)",-76.46221320862941,7.329002627267769
05837,mpio,Turbo,-76.72353267215297,8.000541285943282,05837,05,5837,Tur,NA,NA,NA,NA,NA,NA,NA,NA,NA,NA,NA,NA,NA,NA,NA,NA,NA,NA,NA,NA,NA,NA,NA,NA,NA,NA,NA,NA,NA,NA,NA,NA,NA,NA,"c(-76.7236814480782, 8.00045838846906)",-76.72368144807824,8.000458388469061
05364,mpio,Jardín,-75.819185587939,5.572321859802075,05364,05,5364,Jar,NA,NA,NA,NA,NA,NA,NA,NA,NA,NA,NA,NA,NA,NA,NA,NA,NA,NA,NA,NA,NA,NA,NA,NA,NA,NA,NA,NA,NA,NA,NA,NA,NA,NA,"c(-75.8191875247705, 5.5723206674427)",-75.81918752477046,5.572320667442702
05368,mpio,Jericó,-75.76652053319022,5.769306937190637,05368,05,5368,Jer,NA,NA,NA,NA,NA,NA,NA,NA,NA,NA,NA,NA,NA,NA,NA,NA,NA,NA,NA,NA,NA,NA,NA,NA,NA,NA,NA,NA,NA,NA,NA,NA,NA,NA,"c(-75.766523476939, 5.76930542730791)",-75.76652347693899,5.76930542730791
05690,mpio,Santo Domingo,-75.14083579655436,6.48162320651811,05690,05,5690,San,NA,NA,NA,NA,NA,NA,NA,NA,NA,NA,NA,NA,NA,NA,NA,NA,NA,NA,NA,NA,NA,NA,NA,NA,NA,NA,NA,NA,NA,NA,NA,NA,NA,NA,"c(-75.1408333912653, 6.48162389335873)",-75.14083339126529,6.481623893358729
05856,mpio,Valparaíso,-75.62943947740791,5.652522353540148,05856,05,5856,Val,NA,NA,NA,NA,NA,NA,NA,NA,NA,NA,NA,NA,NA,NA,NA,NA,NA,NA,NA,NA,NA,NA,NA,NA,NA,NA,NA,NA,NA,NA,NA,NA,NA,NA,"c(-75.6294393419191, 5.65251981707487)",-75.62943934191912,5.652519817074871
05390,mpio,La Pintada,-75.6012489362065,5.744742604571764,05390,05,5390,La,NA,NA,NA,NA,NA,NA,NA,NA,NA,NA,NA,NA,NA,NA,NA,NA,NA,NA,NA,NA,NA,NA,NA,NA,NA,NA,NA,NA,NA,NA,NA,NA,NA,NA,"c(-75.6012493099395, 5.74474120113661)",-75.60124930993948,5.744741201136608
05756,mpio,Sonsón,-75.06005105931858,5.761483712822131,05756,05,5756,Son,NA,NA,NA,NA,NA,NA,NA,NA,NA,NA,NA,NA,NA,NA,NA,NA,NA,NA,NA,NA,NA,NA,NA,NA,NA,NA,NA,NA,NA,NA,NA,NA,NA,NA,"c(-75.0600885472853, 5.76151808216454)",-75.06008854728532,5.761518082164543
05761,mpio,Sopetrán,-75.7436640764976,6.521656625872611,05761,05,5761,Sop,NA,NA,NA,NA,NA,NA,NA,NA,NA,NA,NA,NA,NA,NA,NA,NA,NA,NA,NA,NA,NA,NA,NA,NA,NA,NA,NA,NA,NA,NA,NA,NA,NA,NA,"c(-75.74366891038, 6.52165419453817)",-75.74366891038002,6.521654194538171
05425,mpio,Maceo,-74.71442904580445,6.534391550986349,05425,05,5425,Mac,NA,NA,NA,NA,NA,NA,NA,NA,NA,NA,NA,NA,NA,NA,NA,NA,NA,NA,NA,NA,NA,NA,NA,NA,NA,NA,NA,NA,NA,NA,NA,NA,NA,NA,"c(-74.7144378585502, 6.53439060273907)",-74.71443785855016,6.534390602739065
05790,mpio,Tarazá,-75.40013930102191,7.48734383550283,05790,05,5790,Tar,NA,NA,NA,NA,NA,NA,NA,NA,NA,NA,NA,NA,NA,NA,NA,NA,NA,NA,NA,NA,NA,NA,NA,NA,NA,NA,NA,NA,NA,NA,NA,NA,NA,NA,"c(-75.4001054386965, 7.48732929980674)",-75.4001054386965,7.487329299806745
05467,mpio,Montebello,-75.51920336437202,5.916507908430667,05467,05,5467,Mon,NA,NA,NA,NA,NA,NA,NA,NA,NA,NA,NA,NA,NA,NA,NA,NA,NA,NA,NA,NA,NA,NA,NA,NA,NA,NA,NA,NA,NA,NA,NA,NA,NA,NA,"c(-75.5192028602104, 5.91650754976183)",-75.51920286021044,5.9165075497618265
05475,mpio,Murindó,-76.70783782975408,6.828033184677589,05475,05,5475,Mur,NA,NA,NA,NA,NA,NA,NA,NA,NA,NA,NA,NA,NA,NA,NA,NA,NA,NA,NA,NA,NA,NA,NA,NA,NA,NA,NA,NA,NA,NA,NA,NA,NA,NA,"c(-76.7078468119149, 6.82802011635177)",-76.7078468119149,6.828020116351765
05667,mpio,San Rafael,-74.99596096285518,6.310736897214359,05667,05,5667,San,NA,NA,NA,NA,NA,NA,NA,NA,NA,NA,NA,NA,NA,NA,NA,NA,NA,NA,NA,NA,NA,NA,NA,NA,NA,NA,NA,NA,NA,NA,NA,NA,NA,NA,"c(-74.9959682046448, 6.31074243221352)",-74.99596820464484,6.310742432213517
05819,mpio,Toledo,-75.7141133101774,7.013268128423279,05819,05,5819,Tol,NA,NA,NA,NA,NA,NA,NA,NA,NA,NA,NA,NA,NA,NA,NA,NA,NA,NA,NA,NA,NA,NA,NA,NA,NA,NA,NA,NA,NA,NA,NA,NA,NA,NA,"c(-75.7141131938351, 7.01326706831672)",-75.71411319383506,7.013267068316721
05490,mpio,Necoclí,-76.67891681009039,8.495026735389011,05490,05,5490,Nec,NA,NA,NA,NA,NA,NA,NA,NA,NA,NA,NA,NA,NA,NA,NA,NA,NA,NA,NA,NA,NA,NA,NA,NA,NA,NA,NA,NA,NA,NA,NA,NA,NA,NA,"c(-76.6789057613592, 8.49502015868288)",-76.67890576135916,8.495020158682882
05495,mpio,Nechí,-74.79161333262583,7.99047799414123,05495,05,5495,Nec,NA,NA,NA,NA,NA,NA,NA,NA,NA,NA,NA,NA,NA,NA,NA,NA,NA,NA,NA,NA,NA,NA,NA,NA,NA,NA,NA,NA,NA,NA,NA,NA,NA,NA,"c(-74.7916185015519, 7.99046821224715)",-74.79161850155187,7.990468212247148
05501,mpio,Olaya,-75.7759517747996,6.610425422181019,05501,05,5501,Ola,NA,NA,NA,NA,NA,NA,NA,NA,NA,NA,NA,NA,NA,NA,NA,NA,NA,NA,NA,NA,NA,NA,NA,NA,NA,NA,NA,NA,NA,NA,NA,NA,NA,NA,"c(-75.7759521200696, 6.61042394930518)",-75.77595212006958,6.61042394930518
05649,mpio,San Carlos,-74.90834879287338,6.194724829012063,05649,05,5649,San,NA,NA,NA,NA,NA,NA,NA,NA,NA,NA,NA,NA,NA,NA,NA,NA,NA,NA,NA,NA,NA,NA,NA,NA,NA,NA,NA,NA,NA,NA,NA,NA,NA,NA,"c(-74.9083535786841, 6.19472532446599)",-74.90835357868413,6.194725324465992
05543,mpio,Peque,-75.88990903552057,7.04469790665202,05543,05,5543,Peq,NA,NA,NA,NA,NA,NA,NA,NA,NA,NA,NA,NA,NA,NA,NA,NA,NA,NA,NA,NA,NA,NA,NA,NA,NA,NA,NA,NA,NA,NA,NA,NA,NA,NA,"c(-75.8899052320896, 7.04468890687365)",-75.88990523208956,7.044688906873654
05576,mpio,Pueblorrico,-75.85686899319225,5.8044141265684,05576,05,5576,Pue,NA,NA,NA,NA,NA,NA,NA,NA,NA,NA,NA,NA,NA,NA,NA,NA,NA,NA,NA,NA,NA,NA,NA,NA,NA,NA,NA,NA,NA,NA,NA,NA,NA,NA,"c(-75.8568669480296, 5.80441281912216)",-75.85686694802963,5.804412819122159
05579,mpio,Puerto Berrío,-74.52869692662286,6.482510179537994,05579,05,5579,Pue,NA,NA,NA,NA,NA,NA,NA,NA,NA,NA,NA,NA,NA,NA,NA,NA,NA,NA,NA,NA,NA,NA,NA,NA,NA,NA,NA,NA,NA,NA,NA,NA,NA,NA,"c(-74.5287132542932, 6.48249281826931)",-74.52871325429324,6.482492818269308
05659,mpio,San Juan De Urabá,-76.53310241722065,8.707415368423705,05659,05,5659,San,NA,NA,NA,NA,NA,NA,NA,NA,NA,NA,NA,NA,NA,NA,NA,NA,NA,NA,NA,NA,NA,NA,NA,NA,NA,NA,NA,NA,NA,NA,NA,NA,NA,NA,"c(-76.5331064145395, 8.7074142955274)",-76.53310641453955,8.707414295527403
05591,mpio,Puerto Triunfo,-74.68491670536943,5.955071068235982,05591,05,5591,Pue,NA,NA,NA,NA,NA,NA,NA,NA,NA,NA,NA,NA,NA,NA,NA,NA,NA,NA,NA,NA,NA,NA,NA,NA,NA,NA,NA,NA,NA,NA,NA,NA,NA,NA,"c(-74.684916002657, 5.95507482692487)",-74.68491600265703,5.955074826924869
05890,mpio,Yolombó,-74.92190108361531,6.644324429020973,05890,05,5890,Yol,NA,NA,NA,NA,NA,NA,NA,NA,NA,NA,NA,NA,NA,NA,NA,NA,NA,NA,NA,NA,NA,NA,NA,NA,NA,NA,NA,NA,NA,NA,NA,NA,NA,NA,"c(-74.9219012697471, 6.64434470779185)",-74.9219012697471,6.644344707791854
05792,mpio,Tarso,-75.82913583643453,5.871156197083275,05792,05,5792,Tar,NA,NA,NA,NA,NA,NA,NA,NA,NA,NA,NA,NA,NA,NA,NA,NA,NA,NA,NA,NA,NA,NA,NA,NA,NA,NA,NA,NA,NA,NA,NA,NA,NA,NA,"c(-75.8291344196794, 5.87115617169609)",-75.82913441967936,5.871156171696087
05809,mpio,Titiribí,-75.80049478086937,6.057128294268855,05809,05,5809,Tit,NA,NA,NA,NA,NA,NA,NA,NA,NA,NA,NA,NA,NA,NA,NA,NA,NA,NA,NA,NA,NA,NA,NA,NA,NA,NA,NA,NA,NA,NA,NA,NA,NA,NA,"c(-75.8004944844521, 6.05712823213651)",-75.80049448445209,6.057128232136506
05854,mpio,Valdivia,-75.40013811604481,7.265432299206812,05854,05,5854,Val,NA,NA,NA,NA,NA,NA,NA,NA,NA,NA,NA,NA,NA,NA,NA,NA,NA,NA,NA,NA,NA,NA,NA,NA,NA,NA,NA,NA,NA,NA,NA,NA,NA,NA,"c(-75.4001473026396, 7.26542066453508)",-75.4001473026396,7.265420664535083
05674,mpio,San Vicente Ferrer,-75.3279847603425,6.310783605303788,05674,05,5674,San,NA,NA,NA,NA,NA,NA,NA,NA,NA,NA,NA,NA,NA,NA,NA,NA,NA,NA,NA,NA,NA,NA,NA,NA,NA,NA,NA,NA,NA,NA,NA,NA,NA,NA,"c(-75.3279849301023, 6.31078236051049)",-75.32798493010228,6.3107823605104905
05642,mpio,Salgar,-75.9820526877208,5.969482895038642,05642,05,5642,Sal,NA,NA,NA,NA,NA,NA,NA,NA,NA,NA,NA,NA,NA,NA,NA,NA,NA,NA,NA,NA,NA,NA,NA,NA,NA,NA,NA,NA,NA,NA,NA,NA,NA,NA,"c(-75.9820488504308, 5.9694823847676)",-75.98204885043084,5.9694823847676
05647,mpio,San Andrés De Cuerquía,-75.66413646431629,6.918063951632195,05647,05,5647,San,NA,NA,NA,NA,NA,NA,NA,NA,NA,NA,NA,NA,NA,NA,NA,NA,NA,NA,NA,NA,NA,NA,NA,NA,NA,NA,NA,NA,NA,NA,NA,NA,NA,NA,"c(-75.6641412952656, 6.91806225478878)",-75.66414129526564,6.9180622547887785
05873,mpio,Vigía Del Fuerte,-76.69390431189592,6.45213966098224,05873,05,5873,Vig,NA,NA,NA,NA,NA,NA,NA,NA,NA,NA,NA,NA,NA,NA,NA,NA,NA,NA,NA,NA,NA,NA,NA,NA,NA,NA,NA,NA,NA,NA,NA,NA,NA,NA,"c(-76.6938596220475, 6.45210186686225)",-76.69385962204746,6.452101866862253
05789,mpio,Támesis,-75.71005278523353,5.673450034296747,05789,05,5789,Tám,NA,NA,NA,NA,NA,NA,NA,NA,NA,NA,NA,NA,NA,NA,NA,NA,NA,NA,NA,NA,NA,NA,NA,NA,NA,NA,NA,NA,NA,NA,NA,NA,NA,NA,"c(-75.7100549906883, 5.67344639283683)",-75.71005499068826,5.673446392836828
05656,mpio,San Jerónimo,-75.70476186704079,6.43763396073991,05656,05,5656,San,NA,NA,NA,NA,NA,NA,NA,NA,NA,NA,NA,NA,NA,NA,NA,NA,NA,NA,NA,NA,NA,NA,NA,NA,NA,NA,NA,NA,NA,NA,NA,NA,NA,NA,"c(-75.7047624993221, 6.4376332277219)",-75.70476249932211,6.4376332277218955
05658,mpio,San José De La Montaña,-75.67671248101213,6.824142763250047,05658,05,5658,San,NA,NA,NA,NA,NA,NA,NA,NA,NA,NA,NA,NA,NA,NA,NA,NA,NA,NA,NA,NA,NA,NA,NA,NA,NA,NA,NA,NA,NA,NA,NA,NA,NA,NA,"c(-75.6767119839294, 6.82414240780978)",-75.67671198392942,6.824142407809781
05686,mpio,Santa Rosa De Osos,-75.43634969780916,6.673844438133682,05686,05,5686,San,NA,NA,NA,NA,NA,NA,NA,NA,NA,NA,NA,NA,NA,NA,NA,NA,NA,NA,NA,NA,NA,NA,NA,NA,NA,NA,NA,NA,NA,NA,NA,NA,NA,NA,"c(-75.4363288247878, 6.67384264173169)",-75.43632882478775,6.673842641731689
05847,mpio,Urrao,-76.25979960615834,6.336154651693728,05847,05,5847,Urr,NA,NA,NA,NA,NA,NA,NA,NA,NA,NA,NA,NA,NA,NA,NA,NA,NA,NA,NA,NA,NA,NA,NA,NA,NA,NA,NA,NA,NA,NA,NA,NA,NA,NA,"c(-76.25977178479, 6.33614024492089)",-76.25977178479,6.336140244920895
05887,mpio,Yarumal,-75.45537895859798,6.987997454050405,05887,05,5887,Yar,NA,NA,NA,NA,NA,NA,NA,NA,NA,NA,NA,NA,NA,NA,NA,NA,NA,NA,NA,NA,NA,NA,NA,NA,NA,NA,NA,NA,NA,NA,NA,NA,NA,NA,"c(-75.4553956642738, 6.9879879896648)",-75.45539566427381,6.987987989664805
05679,mpio,Santa Bárbara,-75.58465219795166,5.88212401983384,05679,05,5679,San,NA,NA,NA,NA,NA,NA,NA,NA,NA,NA,NA,NA,NA,NA,NA,NA,NA,NA,NA,NA,NA,NA,NA,NA,NA,NA,NA,NA,NA,NA,NA,NA,NA,NA,"c(-75.5846505424483, 5.88211933996195)",-75.58465054244826,5.882119339961947
05861,mpio,Venecia,-75.77667036324677,5.957936081327948,05861,05,5861,Ven,NA,NA,NA,NA,NA,NA,NA,NA,NA,NA,NA,NA,NA,NA,NA,NA,NA,NA,NA,NA,NA,NA,NA,NA,NA,NA,NA,NA,NA,NA,NA,NA,NA,NA,"c(-75.7766705876445, 5.95793737679339)",-75.7766705876445,5.9579373767933905
05736,mpio,Segovia,-74.62110846338082,7.268890861637109,05736,05,5736,Seg,NA,NA,NA,NA,NA,NA,NA,NA,NA,NA,NA,NA,NA,NA,NA,NA,NA,NA,NA,NA,NA,NA,NA,NA,NA,NA,NA,NA,NA,NA,NA,NA,NA,NA,"c(-74.6211511441896, 7.268903488739)",-74.62115114418957,7.268903488739005
05842,mpio,Uramita,-76.13167195630004,6.914085565062334,05842,05,5842,Ura,NA,NA,NA,NA,NA,NA,NA,NA,NA,NA,NA,NA,NA,NA,NA,NA,NA,NA,NA,NA,NA,NA,NA,NA,NA,NA,NA,NA,NA,NA,NA,NA,NA,NA,"c(-76.1316786377483, 6.9140881900244)",-76.13167863774834,6.914088190024403
05858,mpio,Vegachí,-74.7561275524288,6.838531715071826,05858,05,5858,Veg,NA,NA,NA,NA,NA,NA,NA,NA,NA,NA,NA,NA,NA,NA,NA,NA,NA,NA,NA,NA,NA,NA,NA,NA,NA,NA,NA,NA,NA,NA,NA,NA,NA,NA,"c(-74.7561327609765, 6.83853676974837)",-74.75613276097647,6.838536769748368
